date,sentiment_mean,sentiment_std,post_count,sentiment_net,sentiment_diff,sentiment_activity
2018-01-31,-0.6133566,0.0,1,-1,-613356.56,1
2018-03-16,0.51313305,0.0,1,1,513133.06,1
2018-03-27,0.080426715,0.0,1,1,80426.72,1
2018-04-16,0.7996045,0.0,1,1,799604.5,1
2018-06-22,-0.3542416,0.0,1,-1,-354241.62,1
2018-10-23,0.6700071,0.0,1,1,670007.1,1
2018-11-30,-0.17850146,0.0,1,-1,-178501.45,1
2019-01-03,0.5232983,0.054070614,2,2,9.6778755,2
2019-02-22,0.08803862,0.0,1,1,88038.625,1
2019-04-01,0.039052576,0.0,1,1,39052.574,1
2019-04-16,0.6003437,0.0,1,1,600343.7,1
2019-04-18,0.8035485,0.0,1,1,803548.5,1
2019-04-22,0.4575568,0.0,1,1,457556.8,1
2019-04-25,0.6685791,0.09042325,3,3,7.393803,3
2019-04-29,0.31608596,0.0,1,1,316085.97,1
2019-05-01,0.46482646,0.39204952,3,3,1.185629,3
2019-05-07,0.6003437,0.0,1,1,600343.7,1
2019-05-10,0.8615764,0.0,1,1,861576.4,1
2019-05-13,0.6003437,0.0,1,1,600343.7,1
2019-05-14,0.38887274,0.0,1,1,388872.75,1
2019-05-15,0.1578073,0.4470376,2,0,0.35300598,2
2019-05-16,0.86451393,0.0,1,1,864513.94,1
2019-05-17,0.04610615,0.0,1,1,46106.15,1
2019-05-20,0.47799182,0.0,1,1,477991.8,1
2019-05-21,0.6003437,0.0,1,1,600343.7,1
2019-05-22,0.88301367,0.0,1,1,883013.7,1
2019-05-23,0.18686503,0.0,1,1,186865.03,1
2019-05-24,0.070305586,0.0,1,1,70305.586,1
2019-05-26,0.042632673,0.0,1,1,42632.67,1
2019-05-27,0.4575568,0.0,1,1,457556.8,1
2019-05-29,0.8249357,0.0,1,1,824935.7,1
2019-05-30,0.35073024,0.0,1,1,350730.25,1
2019-05-31,0.45398855,0.57683283,2,2,0.7870352,2
2019-06-03,0.60656583,0.3078645,2,2,1.97023,2
2019-06-06,-0.14603695,0.0,1,-1,-146036.95,1
2019-06-07,0.86187094,0.0,1,1,861870.94,1
2019-06-10,0.64613783,0.0,1,1,646137.8,1
2019-06-13,0.5711513,0.0,1,1,571151.3,1
2019-06-14,0.86187094,0.0,1,1,861870.94,1
2019-06-16,0.37887335,0.0,1,1,378873.34,1
2020-03-23,0.81682193,0.0,1,1,816821.94,1
2020-03-24,0.80556273,0.0,1,1,805562.75,1
2020-03-27,0.06823029,0.21808079,2,0,0.3128656,2
2020-03-30,0.44501826,0.6148531,2,2,0.72377867,2
2020-04-07,0.0026843846,1.1700844,2,0,0.0022941786,2
2020-04-08,-0.16881508,0.0,1,-1,-168815.08,1
2020-04-09,-0.016617566,0.0,1,-1,-16617.566,1
2020-04-23,0.0336289,0.8426631,3,1,0.039907835,3
2020-04-24,0.8853897,0.030211493,2,2,29.305416,2
2020-04-27,0.5772083,0.35577828,5,5,1.6223774,5
2020-04-28,0.89921236,0.0,1,1,899212.4,1
2020-04-30,0.08185857,0.0,1,1,81858.57,1
2020-05-01,0.78337866,0.0,1,1,783378.7,1
2020-05-05,-0.06746228,0.022921205,2,-2,-2.9430974,2
2020-05-06,0.91015875,0.0,1,1,910158.75,1
2020-05-07,0.2326285,0.82264906,2,0,0.2827794,2
2020-05-12,0.7514565,0.0,1,1,751456.5,1
2020-05-13,-0.090237826,0.8439966,2,0,-0.10691716,2
2020-05-14,0.5767067,0.18325157,2,2,3.1470592,2
2020-05-15,0.6730594,0.0,1,1,673059.4,1
2020-05-18,0.029710112,0.0,1,1,29710.111,1
2020-05-19,-0.2879694,0.0,1,-1,-287969.4,1
2020-05-20,0.5561724,0.3120446,2,2,1.7823433,2
2020-05-28,-0.24321514,0.0,1,-1,-243215.14,1
2020-06-10,0.6907547,0.0,1,1,690754.7,1
2020-06-15,0.83684695,0.0,1,1,836846.94,1
2020-06-19,0.80381685,0.0,1,1,803816.9,1
2020-06-24,-0.18449968,0.0,1,-1,-184499.69,1
2020-06-29,0.6470181,0.31417724,2,2,2.059398,2
2020-07-02,0.24933217,0.4469328,3,1,0.5578727,3
2020-07-03,0.034202255,0.0,1,1,34202.254,1
2020-07-07,0.102101296,0.16851898,3,3,0.6058706,3
2020-07-08,0.014573704,0.0,2,2,14573.704,2
2020-07-11,0.4459534,0.0,2,2,445953.4,2
2020-07-14,0.5083413,0.0,2,2,508341.3,2
2020-07-15,0.3882195,0.0,1,1,388219.5,1
2020-07-16,-0.13551529,0.18314049,4,0,-0.73994863,4
2020-07-17,-0.5572947,0.0,2,-2,-557294.75,2
2020-07-20,-0.7303777,0.0,2,-2,-730377.7,2
2020-07-30,0.66591465,0.0,2,2,665914.7,2
2020-08-03,-0.50553846,0.28513244,8,-8,-1.7729889,8
2020-08-05,0.011925617,0.0,2,2,11925.617,2
2020-08-06,-0.8342074,0.0,2,-2,-834207.44,2
2020-08-07,0.7633824,0.0,1,1,763382.4,1
2020-08-10,-0.022324264,0.0,2,-2,-22324.264,2
2020-08-11,0.8672469,0.0,1,1,867246.94,1
2020-08-13,0.70844495,0.0,2,2,708444.94,2
2020-08-18,0.043751884,0.35975146,6,2,0.12161663,6
2020-08-19,0.2549762,0.0,2,2,254976.22,2
2020-08-20,0.90781045,0.0,1,1,907810.44,1
2020-08-21,0.8011245,0.0,1,1,801124.5,1
2020-08-24,-0.45076236,0.34047595,5,-5,-1.3239144,5
2020-08-25,0.7915999,0.0,2,2,791599.94,2
2020-08-27,0.6250105,0.0,2,2,625010.5,2
2020-08-28,0.34092852,0.64515084,3,1,0.528447,3
2020-08-31,0.4653692,0.0,2,2,465369.2,2
2020-09-02,-0.093296245,0.4003148,8,4,-0.2330566,8
2020-09-03,0.4364134,0.4518419,4,4,0.9658521,4
2020-09-04,0.27913645,0.60975057,4,2,0.45778716,4
2020-09-08,0.0766333,0.0,1,1,76633.3,1
2020-09-09,0.21584505,0.34174213,3,1,0.63160026,3
2020-09-10,0.18912299,0.0,1,1,189122.98,1
2020-09-11,0.7933372,0.0,2,2,793337.25,2
2020-09-14,0.06788698,0.86676365,4,0,0.07832227,4
2020-09-15,0.40613726,0.0,1,1,406137.25,1
2020-09-16,-0.6517708,0.0,1,-1,-651770.75,1
2020-09-17,0.341834,0.7316371,5,1,0.46721733,5
2020-09-22,0.8618299,0.0,1,1,861829.9,1
2020-09-24,-0.5689819,0.39522505,5,-3,-1.4396366,5
2020-09-28,0.2445499,0.38135728,2,0,0.6412602,2
2020-09-29,0.5232664,0.5145738,3,1,1.0168908,3
2020-10-01,-0.7029205,0.14951111,4,-4,-4.7014284,4
2020-10-06,-0.69400436,0.0,1,-1,-694004.4,1
2020-10-07,0.57711834,0.0,1,1,577118.3,1
2020-10-08,-0.31286362,0.98135906,3,-1,-0.31880614,3
2020-10-09,0.6425501,0.0,1,1,642550.1,1
2020-10-12,0.2507322,0.80550975,6,2,0.3112711,6
2020-10-13,-0.13077125,0.0,2,-2,-130771.25,2
2020-10-16,0.46425414,0.41962028,5,5,1.1063646,5
2020-10-20,0.89327747,0.0,1,1,893277.44,1
2020-10-21,0.4714444,0.49609253,4,4,0.9503135,4
2020-10-22,0.18909535,0.0,1,1,189095.34,1
2020-10-23,0.833733,0.00889054,2,2,93.76699,2
2020-10-24,0.4079374,0.0,2,2,407937.4,2
2020-10-26,0.7977707,0.0,2,2,797770.7,2
2020-10-27,0.5639883,0.0,2,2,563988.3,2
2020-10-28,-0.8769681,0.0,1,-1,-876968.06,1
2020-10-29,0.7826056,0.0,2,2,782605.56,2
2020-10-30,0.8427003,0.039235547,5,5,21.477434,5
2020-11-02,0.3077976,0.38213348,5,5,0.80546933,5
2020-11-03,0.7709266,0.0,2,2,770926.6,2
2020-11-09,0.29516983,0.41904372,6,6,0.7043874,6
2020-11-10,0.03105924,0.0,1,1,31059.24,1
2020-11-11,-0.056608956,0.7828605,3,-1,-0.072310306,3
2020-11-13,0.28362375,0.830432,2,0,0.34153718,2
2020-11-14,0.67969745,0.0,1,1,679697.44,1
2020-11-23,0.7668584,0.0,2,2,766858.4,2
2020-11-25,0.43807656,0.6552153,2,0,0.66859835,2
2020-11-28,-0.71366566,0.0,2,-2,-713665.7,2
2020-11-30,0.36953157,0.0,1,1,369531.56,1
2020-12-01,0.8791885,0.0,1,1,879188.5,1
2020-12-04,0.024134366,0.0,2,2,24134.365,2
2020-12-05,0.29485202,0.9862198,3,1,0.2989716,3
2020-12-06,0.33775684,0.0,2,2,337756.84,2
2020-12-07,0.6205179,0.34361964,3,3,1.8058225,3
2020-12-09,0.69532716,0.0,1,1,695327.2,1
2020-12-10,0.7560918,0.0,2,2,756091.75,2
2020-12-11,0.2188625,0.0,2,2,218862.5,2
2020-12-14,0.4272163,0.33654565,6,6,1.2694118,6
2020-12-15,-0.32304412,0.43283865,10,2,-0.7463367,10
2020-12-16,-0.49628058,0.60280913,6,-4,-0.8232784,6
2020-12-17,0.3818104,0.41525823,4,4,0.9194507,4
2020-12-19,0.30646586,0.4267322,6,6,0.71816736,6
2020-12-21,0.037286736,0.0,2,2,37286.734,2
2020-12-22,0.5923921,0.34857738,4,4,1.6994516,4
2020-12-23,0.16672246,0.7720494,6,2,0.21594763,6
2020-12-24,0.8715814,0.0065863724,2,2,132.31093,2
2020-12-25,0.8452084,0.0,1,1,845208.44,1
2020-12-28,0.2586887,0.67120314,6,0,0.38540983,6
2020-12-29,0.8964361,0.0,1,1,896436.1,1
2020-12-30,-0.045587122,0.9348707,4,0,-0.04876297,4
2021-01-03,0.2098678,0.0,1,1,209867.81,1
2021-01-04,-0.52449065,0.0,2,-2,-524490.6,2
2021-01-05,0.26063552,0.81674236,6,2,0.31911558,6
2021-01-06,0.47268212,0.0799272,2,2,5.9138346,2
2021-01-07,-0.23852201,0.90140665,3,-1,-0.2646106,3
2021-01-08,0.48191434,0.59680414,8,6,0.8074902,8
2021-01-09,0.7928995,0.16246676,5,5,4.8803496,5
2021-01-12,-0.16859147,0.620248,5,1,-0.27181256,5
2021-01-13,0.19320726,0.66326076,5,1,0.29129866,5
2021-01-14,0.3706073,0.8958063,3,1,0.41371316,3
2021-01-15,0.13401566,0.5118796,15,9,0.2618104,15
2021-01-16,0.52671826,0.0,1,1,526718.25,1
2021-01-18,0.9003293,0.0,2,2,900329.3,2
2021-01-19,0.4306702,0.40418783,5,5,1.0655173,5
2021-01-20,-0.5834749,0.0,2,-2,-583474.9,2
2021-01-21,0.18018302,0.38974696,5,3,0.4623065,5
2021-01-22,0.20383382,0.47690186,8,6,0.4274116,8
2021-01-24,0.7631258,0.15460601,4,4,4.9359064,4
2021-01-25,0.14677183,0.29225808,8,8,0.5021977,8
2021-01-26,0.3666475,0.5716,7,5,0.64143956,7
2021-01-27,0.19735673,0.8177386,4,2,0.24134423,4
2021-01-28,0.089385495,0.55666006,8,0,0.16057436,8
2021-01-29,-0.27000505,0.48625422,5,1,-0.5552743,5
2021-02-01,0.8400278,0.0,2,2,840027.8,2
2021-02-02,0.066934675,0.6043928,4,0,0.110746786,4
2021-02-03,0.81267786,0.14927271,2,2,5.444213,2
2021-02-04,0.1480734,0.93804646,5,1,0.15785278,5
2021-02-05,0.1713463,0.5331999,8,4,0.32135412,8
2021-02-07,0.13202158,0.43101293,4,0,0.30630466,4
2021-02-08,0.37874675,0.6374516,17,9,0.59415674,17
2021-02-09,0.1648844,0.37864482,6,2,0.43545812,6
2021-02-10,0.30905056,0.6562256,9,3,0.47095096,9
2021-02-11,0.6185465,0.22424427,9,9,2.758348,9
2021-02-12,0.8558806,0.0,1,1,855880.6,1
2021-02-13,0.75151235,0.10395826,4,4,7.2289124,4
2021-02-14,0.83598936,0.0,2,2,835989.4,2
2021-02-15,0.7601023,0.1536819,2,2,4.945913,2
2021-02-16,0.18881702,1.0140972,2,0,0.18619205,2
2021-02-17,0.4064406,0.43996906,10,8,0.9237914,10
2021-02-18,0.46527103,0.49380755,11,9,0.9422093,11
2021-02-19,0.47757074,0.38468587,13,11,1.2414532,13
2021-02-20,0.602167,0.595807,5,3,1.0106729,5
2021-02-21,0.8217535,0.0,1,1,821753.5,1
2021-02-22,0.14212671,0.3818845,10,4,0.372171,10
2021-02-23,0.26246452,0.45840332,8,2,0.5725612,8
2021-02-24,0.21530056,0.59847736,5,3,0.3597466,5
2021-02-25,0.43272695,0.37532234,10,10,1.1529443,10
2021-02-26,0.45523706,0.5569063,18,12,0.81743777,18
2021-02-27,0.08658413,0.8465966,3,1,0.10227306,3
2021-03-01,0.08180367,0.61562675,8,0,0.13287847,8
2021-03-02,-0.045603897,0.5394538,14,2,-0.08453701,14
2021-03-03,0.19655946,0.45210284,5,1,0.43476617,5
2021-03-04,0.087417535,0.59462404,13,5,0.14701287,13
2021-03-05,0.13592549,0.48204395,18,4,0.2819768,18
2021-03-06,0.090682305,0.03709577,2,2,2.44448,2
2021-03-07,0.11849664,0.00013569178,2,2,866.88934,2
2021-03-08,-0.06966883,0.6345097,12,-4,-0.109799296,12
2021-03-09,0.25070775,0.68101233,16,4,0.36813927,16
2021-03-10,0.34708384,0.5411296,21,11,0.6414049,21
2021-03-11,0.47843015,0.5214689,15,9,0.91746455,15
2021-03-12,-0.09922884,0.5629537,11,-1,-0.17626433,11
2021-03-13,0.75055915,0.26140714,10,10,2.8712156,10
2021-03-14,0.41898823,0.5978834,6,4,0.7007847,6
2021-03-15,0.1991762,0.6316033,15,5,0.31534967,15
2021-03-16,0.37472636,0.4532543,32,20,0.8267445,32
2021-03-17,0.1336547,0.5055113,27,11,0.26439455,27
2021-03-18,0.5652546,0.38484272,22,18,1.4687899,22
2021-03-19,0.39370012,0.5513452,26,16,0.71407056,26
2021-03-20,0.57126945,0.3068476,14,14,1.8617306,14
2021-03-21,0.5618508,0.36834678,8,8,1.5253268,8
2021-03-22,0.32825288,0.6080321,34,18,0.5398602,34
2021-03-23,0.26017717,0.7233634,18,6,0.35967648,18
2021-03-24,0.50506884,0.49517214,21,17,1.0199842,21
2021-03-25,0.5522884,0.47710082,19,15,1.1575903,19
2021-03-26,0.28396255,0.62165946,30,14,0.45678076,30
2021-03-27,0.46601644,0.6475732,10,6,0.71963406,10
2021-03-28,0.7248885,0.33723453,6,6,2.149502,6
2021-03-29,0.53272074,0.4103805,22,18,1.298111,22
2021-03-30,0.19213144,0.5225185,40,20,0.36770195,40
2021-03-31,0.23835973,0.6177461,50,14,0.38585323,50
2021-04-01,0.52224404,0.52983785,28,18,0.9856658,28
2021-04-02,0.52777284,0.5406887,14,10,0.9761104,14
2021-04-03,0.90386647,0.0,1,1,903866.5,1
2021-04-04,0.44553193,0.7076574,3,1,0.62958616,3
2021-04-05,0.3216471,0.57426083,27,11,0.5601053,27
2021-04-06,0.22711173,0.5804445,21,5,0.39127138,21
2021-04-07,0.32613665,0.55826265,24,16,0.58419824,24
2021-04-08,0.15404963,0.51392823,42,12,0.29974872,42
2021-04-09,0.47993746,0.5681688,29,21,0.8447077,29
2021-04-10,0.4749338,0.6018247,4,2,0.78915507,4
2021-04-11,0.22461994,0.49958882,6,2,0.4496087,6
2021-04-12,0.29337403,0.47051555,29,17,0.6235148,29
2021-04-13,0.6468816,0.48823476,25,19,1.3249369,25
2021-04-14,0.39925447,0.55858934,24,16,0.7147536,24
2021-04-15,0.07908469,0.65746343,20,2,0.120287396,20
2021-04-16,0.4025039,0.5562532,21,11,0.72359705,21
2021-04-17,0.5739164,0.37056816,7,7,1.5487429,7
2021-04-18,0.50301015,0.3694618,6,4,1.3614635,6
2021-04-19,0.4996321,0.48717028,27,23,1.0255779,27
2021-04-20,0.32951063,0.54208624,61,25,0.6078553,61
2021-04-21,0.39902356,0.5098281,56,40,0.7826614,56
2021-04-22,0.34823856,0.46912944,30,20,0.7423064,30
2021-04-23,0.30114785,0.55200434,44,24,0.54555243,44
2021-04-24,0.28006658,0.5793998,7,5,0.48337275,7
2021-04-25,0.63384914,0.40234742,11,7,1.5753738,11
2021-04-26,0.27299267,0.6345776,51,25,0.4301952,51
2021-04-27,0.38456497,0.5201221,50,32,0.73937297,50
2021-04-28,0.11837092,0.6608353,85,27,0.1791229,85
2021-04-29,-0.0037828581,0.62820804,100,18,-0.0060216547,100
2021-04-30,0.2250895,0.48474026,61,41,0.46434978,61
2021-05-01,0.4957213,0.4983658,65,41,0.99469167,65
2021-05-02,0.46944422,0.4281482,14,12,1.09645,14
2021-05-03,0.48159912,0.44805446,50,38,1.074865,50
2021-05-04,0.25362423,0.51502347,33,17,0.49245083,33
2021-05-05,0.19316192,0.5874469,28,4,0.32881537,28
2021-05-06,0.46461168,0.4296098,28,22,1.0814711,28
2021-05-07,0.42961332,0.49539945,27,15,0.8672041,27
2021-05-08,0.30632728,0.49530035,7,1,0.61846644,7
2021-05-09,0.026669264,0.5352538,5,1,0.04982536,5
2021-05-10,0.32321596,0.37899998,18,12,0.8528103,18
2021-05-11,0.19356406,0.5299962,31,9,0.36521712,31
2021-05-12,0.28841996,0.50458735,29,19,0.57159454,29
2021-05-13,0.073031045,0.55558544,15,5,0.13144857,15
2021-05-14,0.2546199,0.6078736,28,14,0.4188691,28
2021-05-15,0.755212,0.28757644,7,7,2.626117,7
2021-05-16,0.51934797,0.22333385,4,4,2.3254228,4
2021-05-17,0.38231525,0.57221246,44,28,0.668134,44
2021-05-18,0.5115049,0.40871322,33,21,1.2514976,33
2021-05-19,0.46035802,0.41362494,32,20,1.1129814,32
2021-05-20,0.44383445,0.54193825,27,19,0.81897455,27
2021-05-21,0.45319775,0.44869816,43,31,1.0100259,43
2021-05-22,0.49843264,0.5879831,6,2,0.8476975,6
2021-05-23,0.8950855,0.027864715,2,2,32.12139,2
2021-05-24,0.32101706,0.46705848,31,23,0.6873151,31
2021-05-25,0.52178764,0.36686325,27,21,1.4222907,27
2021-05-26,0.28384307,0.6959806,27,13,0.40783128,27
2021-05-27,0.31393033,0.46931088,17,9,0.6689162,17
2021-05-28,0.4760941,0.44643667,36,30,1.066429,36
2021-05-30,0.2881516,0.65642333,4,0,0.43897152,4
2021-05-31,-0.056420587,0.5753544,5,1,-0.09806215,5
2021-06-01,0.3461722,0.40255553,18,12,0.8599344,18
2021-06-02,0.30995288,0.4805595,38,22,0.64498204,38
2021-06-03,0.23447303,0.63135755,15,7,0.37137857,15
2021-06-04,0.48097527,0.44378838,37,29,1.0837917,37
2021-06-05,0.18321805,0.5544436,4,0,0.3304533,4
2021-06-06,0.5130268,0.3663129,7,7,1.4005114,7
2021-06-07,0.44810778,0.4858588,69,45,0.9222985,69
2021-06-08,0.22039394,0.6318212,38,10,0.3488227,38
2021-06-09,0.36707586,0.5576632,27,13,0.6582382,27
2021-06-10,0.610223,0.41861176,25,23,1.4577266,25
2021-06-11,0.5972593,0.34471184,33,31,1.7326285,33
2021-06-12,0.5723642,0.4197804,6,6,1.3634815,6
2021-06-13,0.46605602,0.3723587,9,5,1.2516284,9
2021-06-14,0.4121851,0.503855,33,23,0.8180613,33
2021-06-15,0.5547358,0.4005929,37,31,1.3847834,37
2021-06-16,0.5090725,0.37827075,36,34,1.345785,36
2021-06-17,0.27636072,0.5774782,20,12,0.47856396,20
2021-06-18,0.21047844,0.6429604,29,9,0.3273578,29
2021-06-19,-0.8536205,0.0,2,-2,-853620.56,2
2021-06-20,0.71924347,0.16015223,6,6,4.490971,6
2021-06-21,0.44712707,0.49473226,41,27,0.903774,41
2021-06-22,0.3724208,0.46219903,39,29,0.8057567,39
2021-06-23,0.2983468,0.62585014,33,15,0.47670567,33
2021-06-24,0.4109926,0.5548922,44,24,0.7406697,44
2021-06-25,0.49359494,0.60352325,17,11,0.81785434,17
2021-06-26,0.30311263,0.66939765,9,5,0.4528133,9
2021-06-27,0.50448394,0.7079629,6,4,0.71258426,6
2021-06-28,0.53597784,0.48917493,25,15,1.095675,25
2021-06-29,0.28251076,0.65387547,36,20,0.43205523,36
2021-06-30,0.31456703,0.52250105,35,19,0.60203975,35
2021-07-01,0.10585596,0.6226715,31,5,0.17000262,31
2021-07-02,0.3206931,0.5758812,20,8,0.5568728,20
2021-07-03,0.18617159,0.45147318,4,0,0.41236377,4
2021-07-04,0.34945595,0.45029676,2,2,0.7760553,2
2021-07-05,0.45736676,0.50277555,8,4,0.909682,8
2021-07-06,0.12864321,0.6185626,24,6,0.20797089,24
2021-07-07,0.04158933,0.5529377,32,6,0.07521509,32
2021-07-08,0.15110527,0.53963876,20,8,0.28001136,20
2021-07-09,0.50173366,0.5237143,25,19,0.9580275,25
2021-07-10,0.3827335,0.5266989,7,1,0.7266633,7
2021-07-11,0.7216792,0.21523388,3,3,3.3529844,3
2021-07-12,0.32779375,0.5699519,21,11,0.57512426,21
2021-07-13,0.29236275,0.50649637,28,14,0.5772246,28
2021-07-14,0.041617714,0.63016665,58,8,0.06604229,58
2021-07-15,0.025284402,0.6814329,30,2,0.0371047,30
2021-07-16,0.20518187,0.6366521,29,11,0.32228205,29
2021-07-17,0.7825266,0.1345212,4,4,5.8170815,4
2021-07-18,0.8005605,0.064026326,3,3,12.503419,3
2021-07-19,0.1896898,0.6151121,14,8,0.30838197,14
2021-07-20,0.07533346,0.6735637,35,9,0.111842945,35
2021-07-21,0.20590879,0.61987275,22,10,0.3321786,22
2021-07-22,0.15609284,0.71259755,29,7,0.21904737,29
2021-07-23,0.43320736,0.58487,25,13,0.74068874,25
2021-07-24,0.75597304,0.24209478,4,4,3.1226196,4
2021-07-25,0.6941165,0.31864563,7,7,2.1783266,7
2021-07-26,0.21866645,0.59024394,38,14,0.3704673,38
2021-07-27,0.06040371,0.5947553,56,18,0.101560436,56
2021-07-28,0.17819676,0.570566,85,37,0.31231523,85
2021-07-29,-0.046432186,0.5960928,30,0,-0.07789409,30
2021-07-30,0.51477873,0.38085297,29,25,1.3516433,29
2021-07-31,0.35300922,0.6077795,8,6,0.5808169,8
2021-08-01,0.79549694,0.1276844,5,5,6.2301326,5
2021-08-02,0.3199048,0.55629647,19,11,0.57506067,19
2021-08-03,0.20707507,0.68718475,22,4,0.30133784,22
2021-08-04,0.15498938,0.66814536,14,0,0.2319692,14
2021-08-05,0.46944377,0.39441487,26,22,1.1902254,26
2021-08-06,0.4380238,0.45062453,34,28,0.97203505,34
2021-08-07,0.25874096,0.71462876,11,5,0.36206296,11
2021-08-08,0.8545783,0.040252402,3,3,21.229965,3
2021-08-09,0.632751,0.31659687,11,9,1.9985951,11
2021-08-10,0.32497934,0.5427718,21,11,0.59873915,21
2021-08-11,0.11527333,0.63722944,22,6,0.18089738,22
2021-08-12,0.07330115,0.6741956,21,3,0.1087237,21
2021-08-13,0.48216033,0.4176743,25,17,1.1543903,25
2021-08-14,0.38539925,0.59505725,10,6,0.6476664,10
2021-08-15,0.30754963,0.7721406,4,2,0.39830726,4
2021-08-16,0.091502026,0.45920402,20,6,0.19926181,20
2021-08-17,0.3957957,0.54984635,22,12,0.7198283,22
2021-08-18,0.1870493,0.5705716,17,7,0.32782733,17
2021-08-19,0.27633446,0.5806196,26,14,0.4759295,26
2021-08-20,0.27115533,0.49023136,26,10,0.5531159,26
2021-08-21,0.8397476,0.113691635,5,5,7.3861213,5
2021-08-22,0.85108024,0.09166004,2,2,9.285082,2
2021-08-23,0.44652778,0.7059016,15,9,0.6325628,15
2021-08-24,0.38289452,0.4705155,20,14,0.8137749,20
2021-08-25,0.37753072,0.5507527,26,12,0.6854801,26
2021-08-26,-0.08381803,0.7022501,13,1,-0.11935621,13
2021-08-27,0.4140137,0.558374,31,19,0.74146175,31
2021-08-28,0.7420588,0.24554229,4,4,3.02211,4
2021-08-29,-0.07465736,0.0,1,-1,-74657.36,1
2021-08-30,0.37406173,0.5406245,35,19,0.69190544,35
2021-08-31,0.3156928,0.43632302,37,25,0.7235284,37
2021-09-01,0.3719694,0.54882354,31,17,0.6777565,31
2021-09-02,0.21346423,0.53663087,42,26,0.39778522,42
2021-09-03,0.20452482,0.56112695,17,11,0.36448872,17
2021-09-04,0.34212074,0.49168518,3,3,0.69581115,3
2021-09-05,0.6679213,0.16497351,2,2,4.0486336,2
2021-09-06,0.7334683,0.16128881,3,3,4.547518,3
2021-09-07,0.30925602,0.64653265,38,12,0.47832933,38
2021-09-08,0.24331598,0.6253283,31,11,0.38910055,31
2021-09-09,0.4137094,0.50501215,23,15,0.81920516,23
2021-09-10,0.24429885,0.48073506,69,45,0.5081766,69
2021-09-11,0.31454203,0.728568,8,4,0.43172577,8
2021-09-12,0.2948095,0.40237704,14,10,0.7326679,14
2021-09-13,0.14737707,0.5367398,50,16,0.2745777,50
2021-09-14,0.23045684,0.55917215,107,35,0.4121386,107
2021-09-15,0.375515,0.5342469,46,24,0.70288527,46
2021-09-16,0.42152113,0.4943135,26,16,0.85273874,26
2021-09-17,0.44380337,0.40469962,29,25,1.0966214,29
2021-09-18,0.481891,0.37378544,5,5,1.2892147,5
2021-09-19,0.7294726,0.21011956,5,5,3.471686,5
2021-09-20,0.16439573,0.52890027,36,14,0.310825,36
2021-09-21,0.50020736,0.5228489,27,15,0.95669395,27
2021-09-22,0.28122756,0.4396312,32,20,0.63968825,32
2021-09-23,0.2508937,0.42159382,40,20,0.59510624,40
2021-09-24,0.40124828,0.6628247,10,6,0.60536015,10
2021-09-25,0.22681646,0.86255676,6,2,0.262958,6
2021-09-26,0.80821407,0.08828355,4,4,9.154649,4
2021-09-27,0.26895833,0.4522479,20,14,0.5947131,20
2021-09-28,0.28228486,0.5664836,25,11,0.49830982,25
2021-09-29,0.25603986,0.5932554,21,11,0.4315838,21
2021-09-30,0.4074821,0.42976615,14,10,0.94814616,14
2021-10-01,0.32524195,0.5711805,19,9,0.56941956,19
2021-10-02,0.36919594,0.6201156,6,4,0.59536535,6
2021-10-03,0.6079935,0.41131374,7,7,1.4781709,7
2021-10-04,0.2583322,0.49421307,28,16,0.5227131,28
2021-10-05,0.31405267,0.59530264,33,17,0.5275504,33
2021-10-06,0.44547057,0.40535805,17,13,1.098953,17
2021-10-07,0.21358791,0.6106779,19,5,0.34975484,19
2021-10-08,0.35022193,0.5877621,20,10,0.5958556,20
2021-10-09,0.43170005,0.4313354,5,3,1.000843,5
2021-10-10,0.67336774,0.20548953,2,2,3.2768798,2
2021-10-11,0.47727677,0.44531938,16,12,1.0717604,16
2021-10-12,0.41040695,0.43390548,33,29,0.9458419,33
2021-10-13,0.21622682,0.45901573,52,30,0.4710652,52
2021-10-14,0.32589328,0.6358683,31,15,0.51251614,31
2021-10-15,0.2631894,0.5830988,28,18,0.4513625,28
2021-10-17,0.32896632,0.6398512,5,3,0.51412857,5
2021-10-18,0.14798734,0.61913687,55,15,0.23902161,55
2021-10-19,0.021744838,0.63656265,41,1,0.034159724,41
2021-10-20,0.3412729,0.5714876,16,8,0.5971648,16
2021-10-21,0.27723548,0.45285717,34,24,0.6121905,34
2021-10-22,0.214444,0.4529944,48,30,0.4733911,48
2021-10-23,0.2577774,0.5863018,8,6,0.43966597,8
2021-10-24,0.49638808,0.4369153,13,9,1.136117,13
2021-10-25,0.33378914,0.5403165,37,17,0.6177648,37
2021-10-26,0.23240434,0.5387697,41,21,0.43136036,41
2021-10-27,0.09885076,0.61512995,36,10,0.16069871,36
2021-10-28,0.13299753,0.6186845,82,32,0.2149679,82
2021-10-29,0.23310483,0.5119995,119,61,0.45528242,119
2021-10-30,0.41724533,0.37078804,8,8,1.1252903,8
2021-10-31,0.44100505,0.62444645,8,6,0.7062324,8
2021-11-01,0.47527272,0.5953738,28,16,0.7982748,28
2021-11-02,0.4334021,0.47367865,31,23,0.9149687,31
2021-11-03,0.028919766,0.62057966,21,3,0.04660114,21
2021-11-04,0.40619966,0.5937524,29,19,0.68412185,29
2021-11-05,0.26723897,0.63741785,18,10,0.41925174,18
2021-11-06,0.05645422,0.8501532,8,0,0.06640468,8
2021-11-07,0.7971597,0.07241027,4,4,11.00878,4
2021-11-08,0.18238592,0.6252712,14,2,0.29169044,14
2021-11-09,0.43716305,0.49127322,19,15,0.88985544,19
2021-11-10,0.43708837,0.40613613,27,21,1.0762088,27
2021-11-11,0.12675351,0.7007253,17,1,0.18088874,17
2021-11-12,0.36864915,0.57499254,27,19,0.64113617,27
2021-11-13,0.5406002,0.39778987,6,4,1.3590059,6
2021-11-14,0.706427,0.23209295,5,5,3.0437114,5
2021-11-15,0.40214494,0.6343795,13,7,0.63391757,13
2021-11-16,0.16019636,0.6328118,29,11,0.2531497,29
2021-11-17,0.4094391,0.49741557,30,16,0.82313114,30
2021-11-18,0.22193697,0.604855,32,10,0.3669253,32
2021-11-19,0.41266254,0.53083754,44,26,0.7773786,44
2021-11-20,0.6378738,0.49413553,5,3,1.2908858,5
2021-11-21,0.63486207,0.34689373,5,5,1.8301288,5
2021-11-22,0.29074737,0.64336896,23,9,0.45191318,23
2021-11-23,0.14348121,0.4563091,25,13,0.31443793,25
2021-11-24,0.21603303,0.5560733,20,12,0.38849667,20
2021-11-25,0.28813756,0.61793905,6,2,0.46628723,6
2021-11-26,0.47568327,0.45193303,21,19,1.0525502,21
2021-11-27,0.22673853,0.78250176,4,0,0.28976068,4
2021-11-28,0.6009501,0.19125742,4,4,3.1420846,4
2021-11-29,0.27900046,0.5548474,18,8,0.5028409,18
2021-11-30,0.23452765,0.46648434,25,11,0.50275457,25
2021-12-01,0.092663966,0.6149668,30,8,0.150681,30
2021-12-02,0.13617474,0.5256962,60,18,0.25903645,60
2021-12-03,0.46529716,0.40005314,32,30,1.1630855,32
2021-12-04,0.7052381,0.26767847,6,6,2.6346364,6
2021-12-05,0.8390344,0.040341724,3,3,20.797665,3
2021-12-06,0.35555005,0.5321787,34,18,0.6681015,34
2021-12-07,0.11786906,0.5923301,49,7,0.19899184,49
2021-12-08,0.2011796,0.55711204,41,17,0.3611109,41
2021-12-09,0.30303696,0.5349117,33,21,0.56651664,33
2021-12-10,0.47053128,0.443352,21,15,1.0613016,21
2021-12-11,0.74020404,0.13902335,10,10,5.3242764,10
2021-12-12,0.40134618,0.70556957,7,3,0.568825,7
2021-12-13,0.26064992,0.5725491,56,20,0.45524386,56
2021-12-14,0.28168303,0.48332113,54,36,0.582806,54
2021-12-15,0.38002288,0.6137483,22,14,0.6191826,22
2021-12-16,0.2692259,0.465026,32,24,0.57894677,32
2021-12-17,0.4799881,0.36939076,28,24,1.2994012,28
2021-12-18,0.71752083,0.15497848,7,7,4.6297793,7
2021-12-19,0.21092293,0.47204342,7,3,0.44682854,7
2021-12-20,0.095008105,0.4991936,19,9,0.19032277,19
2021-12-21,0.2488759,0.62616295,28,10,0.39746124,28
2021-12-22,0.24076025,0.70080763,28,8,0.34354636,28
2021-12-23,0.38083634,0.5044282,15,11,0.7549847,15
2021-12-24,0.62171465,0.31085017,11,11,2.0000396,11
2021-12-26,0.19506742,0.7533165,3,1,0.25894448,3
2021-12-27,0.20792608,0.5776432,23,13,0.35995525,23
2021-12-28,0.14182527,0.57902926,49,17,0.24493586,49
2021-12-29,0.4259637,0.47447434,32,26,0.8977573,32
2021-12-30,0.31382704,0.5181078,28,20,0.60571647,28
2021-12-31,0.26473272,0.676246,13,5,0.3914734,13
2022-01-01,0.637116,0.4613694,6,4,1.3809209,6
2022-01-02,0.79967594,0.06724171,2,2,11.892381,2
2022-01-03,0.2840713,0.5994897,36,12,0.4738544,36
2022-01-04,0.2854289,0.69229645,38,20,0.4122923,38
2022-01-05,0.11338121,0.7115433,25,7,0.15934524,25
2022-01-06,0.42944247,0.617997,26,14,0.69489294,26
2022-01-07,0.424598,0.6053427,34,22,0.70141643,34
2022-01-08,0.6501851,0.42529652,4,4,1.5287771,4
2022-01-10,0.370306,0.5050351,33,21,0.7332267,33
2022-01-11,0.2005267,0.5922424,23,7,0.3385883,23
2022-01-12,0.42748612,0.52476966,38,28,0.81461513,38
2022-01-13,0.40283743,0.47988275,41,29,0.8394479,41
2022-01-14,0.29919314,0.6248099,25,13,0.47885388,25
2022-01-15,0.75327927,0.16592643,4,4,4.5398116,4
2022-01-16,0.7017481,0.07846677,3,3,8.943137,3
2022-01-17,0.68368644,0.25462785,15,15,2.6850312,15
2022-01-18,0.29621586,0.5436779,39,23,0.544836,39
2022-01-19,0.47268167,0.45874947,32,26,1.0303677,32
2022-01-20,0.3067234,0.5861506,39,23,0.52328336,39
2022-01-21,0.29759616,0.6308843,42,20,0.471712,42
2022-01-22,0.46466595,0.51568073,9,5,0.9010712,9
2022-01-23,0.46572676,0.57241637,10,8,0.81361395,10
2022-01-24,0.37028804,0.46363586,50,30,0.7986596,50
2022-01-25,0.4727577,0.46021634,36,26,1.0272487,36
2022-01-26,0.038931165,0.6396924,36,6,0.060859095,36
2022-01-27,0.08221915,0.6016173,54,6,0.13666332,54
2022-01-28,0.11550407,0.565402,83,21,0.20428628,83
2022-01-29,0.8859867,0.019734967,2,2,44.89198,2
2022-01-30,0.7538034,0.2589471,5,5,2.9110208,5
2022-01-31,0.5621283,0.52280885,43,31,1.075206,43
2022-02-01,0.4478982,0.6065582,38,24,0.73842454,38
2022-02-02,0.15253311,0.5306604,40,14,0.2874396,40
2022-02-03,0.19803508,0.59025997,63,33,0.33550426,63
2022-02-04,0.07558537,0.6316417,43,9,0.11966476,43
2022-02-05,0.7010174,0.31285253,7,7,2.2407205,7
2022-02-06,0.48685804,0.4904959,13,9,0.99258125,13
2022-02-07,0.40026546,0.5274096,40,24,0.7589257,40
2022-02-08,0.24567924,0.5883716,44,18,0.41755727,44
2022-02-09,0.12790291,0.64006394,47,19,0.19982801,47
2022-02-10,0.13251872,0.5873545,33,17,0.22561929,33
2022-02-11,0.16737336,0.64122,26,10,0.2610229,26
2022-02-12,0.7427281,0.11377708,4,4,6.527867,4
2022-02-13,0.41902056,0.4483484,6,4,0.93458486,6
2022-02-14,0.38042367,0.45608065,27,15,0.83411306,27
2022-02-15,0.32511708,0.6431026,21,11,0.5055439,21
2022-02-16,0.30223402,0.5451756,36,22,0.55437815,36
2022-02-17,0.35519952,0.5805978,37,23,0.6117813,37
2022-02-18,0.27207732,0.5266188,24,16,0.5166485,24
2022-02-19,0.49337882,0.48928308,4,2,1.0083688,4
2022-02-20,0.54632866,0.34436733,11,11,1.586466,11
2022-02-21,0.33221307,0.46882975,23,17,0.70859915,23
2022-02-22,0.48352432,0.43139064,23,19,1.1208477,23
2022-02-23,0.2383611,0.6703479,27,9,0.35557765,27
2022-02-24,0.12121496,0.62857586,27,9,0.19284032,27
2022-02-25,0.36461368,0.5971417,16,8,0.61059725,16
2022-02-26,0.72550046,0.16849242,5,5,4.305809,5
2022-02-27,0.42869893,0.43211272,8,4,0.99209744,8
2022-02-28,0.44402832,0.48935264,29,23,0.9073771,29
2022-03-01,0.021823596,0.56755704,30,10,0.038451742,30
2022-03-02,0.2715411,0.5549384,46,22,0.48931667,46
2022-03-03,0.2227762,0.58332574,32,18,0.38190636,32
2022-03-04,0.3478924,0.5143086,36,26,0.67642605,36
2022-03-05,0.6153924,0.3143858,7,7,1.957437,7
2022-03-06,0.75803757,0.0,1,1,758037.56,1
2022-03-07,0.3589433,0.43756855,42,32,0.8203114,42
2022-03-08,0.2559324,0.5468215,67,29,0.4680356,67
2022-03-09,0.2491538,0.6003413,39,15,0.41501954,39
2022-03-10,0.4059885,0.49598917,39,27,0.8185414,39
2022-03-11,0.44364688,0.47559753,29,21,0.932818,29
2022-03-12,0.5487916,0.5482516,9,7,1.000983,9
2022-03-13,0.6095018,0.27882734,3,3,2.185939,3
2022-03-14,0.28514063,0.4297316,41,29,0.66353035,41
2022-03-15,0.17621663,0.5983945,30,10,0.29448187,30
2022-03-16,0.2986244,0.4613638,24,14,0.64726305,24
2022-03-17,0.43147084,0.46783388,35,29,0.9222716,35
2022-03-18,0.33122095,0.6454317,24,10,0.51317656,24
2022-03-19,0.46157494,0.40079468,7,5,1.1516465,7
2022-03-20,0.55198145,0.34791243,7,7,1.5865482,7
2022-03-21,0.33651933,0.39231005,24,18,0.857787,24
2022-03-22,0.24625388,0.57518643,25,9,0.42812803,25
2022-03-23,0.36943588,0.5210147,29,17,0.7090686,29
2022-03-24,0.44907925,0.5461368,35,21,0.8222819,35
2022-03-25,0.1554782,0.5636753,36,16,0.27582887,36
2022-03-26,0.4623747,0.67715585,7,3,0.6828177,7
2022-03-27,0.44677186,0.16445473,4,4,2.7166696,4
2022-03-28,0.079956174,0.6062993,57,7,0.13187553,57
2022-03-29,0.30435595,0.5687909,32,18,0.5350919,32
2022-03-30,0.2003773,0.5780079,51,21,0.34666818,51
2022-03-31,0.3049836,0.55517095,39,25,0.5493498,39
2022-04-01,0.34290916,0.48292962,37,25,0.7100588,37
2022-04-02,0.5891339,0.42778152,6,6,1.3771808,6
2022-04-03,-0.03943015,0.67989033,7,-1,-0.05799478,7
2022-04-04,0.20733881,0.6183187,30,8,0.33532622,30
2022-04-05,0.4794393,0.44752198,23,15,1.0713177,23
2022-04-06,0.2567235,0.39976934,27,21,0.6421774,27
2022-04-07,0.50021833,0.4866708,23,15,1.027835,23
2022-04-08,0.20977792,0.5787272,26,4,0.3624809,26
2022-04-09,0.852759,0.0028437744,2,2,299.7633,2
2022-04-10,-0.043053836,0.831227,2,0,-0.051795457,2
2022-04-11,0.37427562,0.49490497,36,26,0.75625604,36
2022-04-12,0.53247666,0.3622804,31,31,1.4697875,31
2022-04-13,0.37986,0.513685,33,23,0.739479,33
2022-04-14,0.1258031,0.5652278,31,9,0.22257021,31
2022-04-15,0.52530813,0.38459563,13,11,1.3658677,13
2022-04-16,0.2975789,0.7334039,5,3,0.4057498,5
2022-04-18,0.44382548,0.45556954,24,18,0.974219,24
2022-04-19,0.25259793,0.5299165,29,15,0.47667402,29
2022-04-20,0.24297145,0.46152583,30,22,0.5264514,30
2022-04-21,0.3686739,0.52510065,31,19,0.70210004,31
2022-04-22,0.3405212,0.46464127,36,30,0.7328674,36
2022-04-23,-0.0981303,0.39950317,2,0,-0.24563022,2
2022-04-24,0.518046,0.38744146,5,5,1.3370914,5
2022-04-25,0.41938314,0.50221425,29,21,0.8350665,29
2022-04-26,0.30310723,0.5261214,47,29,0.5761154,47
2022-04-27,0.29997745,0.6135541,37,17,0.48891687,37
2022-04-28,-0.020042343,0.6460929,60,14,-0.03102079,60
2022-04-29,0.3104515,0.38141552,77,65,0.8139435,77
2022-04-30,0.5259033,0.7190038,9,5,0.7314322,9
2022-05-01,0.50726175,0.59494734,4,2,0.85261476,4
2022-05-02,0.18332377,0.5098925,44,30,0.35953343,44
2022-05-03,0.3917446,0.46524435,29,19,0.84201723,29
2022-05-04,0.142758,0.58967423,27,3,0.24209596,27
2022-05-05,0.37805375,0.36996195,20,16,1.0218692,20
2022-05-06,0.4026399,0.5039099,24,12,0.79902995,24
2022-05-07,0.74205,0.07896966,4,4,9.396528,4
2022-05-08,0.25682005,0.2588067,4,4,0.99231994,4
2022-05-09,0.323104,0.4291187,30,22,0.7529461,30
2022-05-10,0.301283,0.3976906,25,17,0.7575795,25
2022-05-11,0.23394877,0.4586918,24,12,0.51003367,24
2022-05-12,0.26905036,0.5412828,48,28,0.4970597,48
2022-05-13,0.32010642,0.5666061,39,27,0.564953,39
2022-05-14,0.4253182,0.37386578,6,6,1.1376196,6
2022-05-15,0.42096496,0.6356646,6,4,0.66224277,6
2022-05-16,0.49953616,0.46134195,19,17,1.082787,19
2022-05-17,0.27913398,0.6600389,26,12,0.4229047,26
2022-05-18,0.40902144,0.48196456,29,15,0.84865284,29
2022-05-19,0.27482688,0.5656672,33,15,0.48584464,33
2022-05-20,0.35059455,0.51282775,32,18,0.68364835,32
2022-05-21,-0.08779321,0.6754967,6,2,-0.12996818,6
2022-05-22,0.62346005,0.28915358,8,8,2.156148,8
2022-05-23,0.16092642,0.63816345,33,9,0.25217077,33
2022-05-24,0.29851645,0.47719848,30,20,0.62555903,30
2022-05-25,0.39381766,0.47452986,29,23,0.82990944,29
2022-05-26,0.1955052,0.6265962,44,16,0.31201097,44
2022-05-27,0.32205212,0.436585,24,16,0.73766017,24
2022-05-28,0.7361834,0.08790598,3,3,8.374573,3
2022-05-29,0.54865587,0.2868434,2,2,1.9127299,2
2022-05-30,0.52586526,0.3932683,10,8,1.3371632,10
2022-05-31,0.13305908,0.6316208,16,6,0.21066257,16
2022-06-01,0.25244597,0.63218963,19,5,0.39931935,19
2022-06-02,0.43056652,0.37358397,22,14,1.1525263,22
2022-06-03,0.29814607,0.41426915,31,23,0.71968997,31
2022-06-04,0.61437315,0.32511523,6,6,1.889703,6
2022-06-05,0.39483297,0.6784889,9,5,0.581929,9
2022-06-06,0.28252533,0.5867072,62,24,0.48154318,62
2022-06-07,0.3713779,0.46164575,64,40,0.8044633,64
2022-06-08,0.3132051,0.59572566,33,19,0.525753,33
2022-06-09,0.38122582,0.46607026,40,28,0.81795603,40
2022-06-10,0.41303518,0.4754151,48,34,0.86878663,48
2022-06-11,0.49987537,0.35419586,14,12,1.4112924,14
2022-06-12,0.79074574,0.16473977,7,7,4.7999396,7
2022-06-13,0.21676834,0.6034139,31,17,0.35923597,31
2022-06-14,0.2896042,0.5045571,42,20,0.5739759,42
2022-06-15,0.30915302,0.5043778,40,18,0.61293817,40
2022-06-16,0.3755283,0.43787593,17,13,0.85761154,17
2022-06-17,0.53197503,0.51371354,26,14,1.035546,26
2022-06-18,0.57353157,0.40745845,4,4,1.4075794,4
2022-06-19,0.39632097,0.38784808,12,12,1.0218432,12
2022-06-20,0.37932637,0.6152926,13,3,0.6164965,13
2022-06-21,0.20904182,0.61528385,28,8,0.33974802,28
2022-06-22,0.57822084,0.3986084,19,15,1.4505951,19
2022-06-23,0.4390584,0.4178448,28,22,1.0507665,28
2022-06-24,0.4941582,0.45106292,28,20,1.0955392,28
2022-06-25,0.21136607,0.4712688,6,4,0.44850332,6
2022-06-26,0.75972235,0.1409644,8,8,5.3894243,8
2022-06-27,0.48498017,0.3873219,30,26,1.252134,30
2022-06-28,0.30930322,0.494475,37,23,0.62551713,37
2022-06-29,0.39643812,0.52921104,39,25,0.74911016,39
2022-06-30,0.40106317,0.4086406,44,36,0.98145455,44
2022-07-01,0.3489363,0.5307673,35,17,0.6574173,35
2022-07-02,0.74043345,0.12813102,6,6,5.7786765,6
2022-07-03,0.7316737,0.11967804,2,2,6.1136327,2
2022-07-04,0.42731825,0.53806615,6,4,0.7941727,6
2022-07-05,0.23480766,0.47885936,28,18,0.4903468,28
2022-07-06,0.23794203,0.55067396,29,13,0.4320916,29
2022-07-07,0.42774555,0.5034559,29,19,0.84961706,29
2022-07-08,0.27443272,0.61242795,20,10,0.4481054,20
2022-07-09,0.72957504,0.1233843,5,5,5.912982,5
2022-07-10,0.565247,0.5368366,3,1,1.0529199,3
2022-07-11,0.26518893,0.55200124,33,21,0.48041278,33
2022-07-12,0.32793906,0.54688674,27,19,0.59964603,27
2022-07-13,0.35090858,0.4677602,25,15,0.7501874,25
2022-07-14,0.16379334,0.7282935,25,7,0.22489987,25
2022-07-15,0.25227615,0.5464419,18,10,0.4616697,18
2022-07-16,0.57082266,0.3990019,5,5,1.4306228,5
2022-07-17,0.7708184,0.1744126,5,5,4.419486,5
2022-07-18,0.27060404,0.49587417,40,28,0.54571,40
2022-07-19,0.19923075,0.5266934,53,21,0.3782663,53
2022-07-20,0.3907795,0.51289874,40,26,0.7619023,40
2022-07-21,0.19592007,0.56815547,31,13,0.3448347,31
2022-07-22,0.41046846,0.45920718,34,24,0.89386135,34
2022-07-23,0.65155715,0.21080041,3,3,3.0908577,3
2022-07-24,0.6405913,0.32719553,16,14,1.9578182,16
2022-07-25,0.30831096,0.42443573,58,44,0.72640026,58
2022-07-26,0.25003773,0.51089793,30,18,0.48940742,30
2022-07-27,0.27648115,0.4644319,33,21,0.59530914,33
2022-07-28,-0.026343968,0.6311781,56,4,-0.041737705,56
2022-07-29,0.0113105,0.64059335,70,0,0.01765626,70
2022-07-30,-0.14620069,0.9961566,2,0,-0.14676462,2
2022-07-31,0.47895917,0.5466949,10,4,0.876098,10
2022-08-01,0.35557964,0.586547,34,18,0.60622424,34
2022-08-02,0.18546908,0.52852744,19,7,0.35091597,19
2022-08-03,0.21197788,0.6446727,26,10,0.32881424,26
2022-08-04,0.5444277,0.35858244,16,16,1.5182734,16
2022-08-05,0.3196335,0.5920075,22,10,0.5399137,22
2022-08-06,0.44169757,0.42319885,11,7,1.0437092,11
2022-08-07,0.021079853,0.6563021,7,-1,0.03211908,7
2022-08-08,0.29300842,0.5698862,20,10,0.5141516,20
2022-08-09,0.33599028,0.485331,38,30,0.69228953,38
2022-08-10,0.10855787,0.7104526,26,4,0.15280078,26
2022-08-11,0.14583807,0.6243944,22,6,0.23356684,22
2022-08-12,0.15319645,0.59020954,33,5,0.25956237,33
2022-08-13,0.8207928,0.00938193,2,2,87.477234,2
2022-08-14,0.70203763,0.3240162,6,6,2.1666677,6
2022-08-15,0.40480262,0.50146747,39,23,0.8072344,39
2022-08-16,0.37913194,0.518174,42,32,0.73166776,42
2022-08-17,0.48385295,0.3852427,28,22,1.2559658,28
2022-08-18,0.55768263,0.32245868,26,24,1.7294647,26
2022-08-19,0.50409096,0.45836446,25,21,1.0997577,25
2022-08-20,0.012765844,0.46004125,6,0,0.027749285,6
2022-08-21,0.5361193,0.309853,10,8,1.7302319,10
2022-08-22,0.35633984,0.40366313,24,16,0.8827632,24
2022-08-23,0.1370025,0.56286937,26,6,0.24339972,26
2022-08-24,0.47331062,0.47529668,40,28,0.99581933,40
2022-08-25,0.096228085,0.60377216,14,2,0.15937787,14
2022-08-26,0.39740002,0.55883944,26,16,0.71111536,26
2022-08-27,0.6182038,0.34478277,6,6,1.7930188,6
2022-08-28,0.4168606,0.42361626,8,4,0.9840501,8
2022-08-29,0.4376897,0.39991418,34,26,1.0944563,34
2022-08-30,0.3798173,0.46801826,17,13,0.81154203,17
2022-08-31,0.27140072,0.48089638,18,10,0.56436306,18
2022-09-01,0.4051782,0.507441,27,23,0.7984719,27
2022-09-02,0.4484499,0.5543267,33,23,0.8089978,33
2022-09-03,0.6590751,0.29717597,8,8,2.2177863,8
2022-09-04,0.47304505,0.42394862,7,7,1.1158048,7
2022-09-05,0.3576644,0.4245099,17,9,0.8425329,17
2022-09-06,0.20142321,0.52883196,32,16,0.38088247,32
2022-09-07,0.38536766,0.54412156,68,36,0.7082369,68
2022-09-08,0.30303088,0.5777644,59,33,0.52448773,59
2022-09-09,0.33038142,0.6195437,39,19,0.5332649,39
2022-09-10,0.46688795,0.5786344,10,8,0.8068776,10
2022-09-11,0.7970872,0.06251365,3,3,12.750407,3
2022-09-12,0.10419371,0.69557774,32,6,0.14979427,32
2022-09-13,0.21435268,0.58983034,36,16,0.3634135,36
2022-09-14,0.40967396,0.43007174,31,25,0.95256895,31
2022-09-15,0.3798676,0.52400553,34,16,0.72492915,34
2022-09-16,0.38481736,0.43949035,24,16,0.8755971,24
2022-09-17,0.78503376,0.087256536,6,6,8.996745,6
2022-09-18,0.82184076,0.052375484,3,3,15.691027,3
2022-09-19,0.5651992,0.37226498,17,15,1.518267,17
2022-09-20,0.27156964,0.5864295,35,15,0.46308923,35
2022-09-21,0.46561512,0.53351045,18,10,0.8727369,18
2022-09-22,0.47073498,0.55322766,30,24,0.8508868,30
2022-09-23,0.47568002,0.43403465,34,28,1.0959469,34
2022-09-25,0.3425697,0.6857663,5,3,0.4995422,5
2022-09-26,0.269841,0.52661765,42,20,0.512403,42
2022-09-27,0.33785596,0.47892377,16,12,0.70544684,16
2022-09-28,0.146239,0.50340384,51,23,0.29049978,51
2022-09-29,0.23688309,0.42069653,37,27,0.5630722,37
2022-09-30,0.28835583,0.5312834,40,22,0.5427523,40
2022-10-01,0.54779226,0.4389617,8,6,1.2479243,8
2022-10-02,0.7459432,0.13558155,4,4,5.501764,4
2022-10-03,0.15142497,0.6288355,21,9,0.24080181,21
2022-10-04,0.23657976,0.558546,37,19,0.42356282,37
2022-10-05,0.35696483,0.59160477,25,13,0.60338295,25
2022-10-06,0.26626292,0.509962,30,18,0.522122,30
2022-10-07,0.21700697,0.5621102,22,14,0.38605702,22
2022-10-08,0.6909037,0.19355239,8,8,3.569577,8
2022-10-09,0.48439303,0.2931726,11,11,1.6522396,11
2022-10-10,0.1596113,0.4447342,28,16,0.35889065,28
2022-10-11,0.12429019,0.612031,24,8,0.20307793,24
2022-10-12,0.33628705,0.5344392,28,12,0.6292323,28
2022-10-13,0.35864267,0.4819221,29,15,0.74419063,29
2022-10-14,0.26170886,0.5911386,15,9,0.4427192,15
2022-10-15,0.56804204,0.3907972,8,8,1.4535431,8
2022-10-16,0.61983746,0.28459355,7,7,2.1779666,7
2022-10-17,0.39113498,0.5010017,20,12,0.78070426,20
2022-10-18,0.29450604,0.56599253,34,18,0.5203346,34
2022-10-19,0.22441922,0.5480706,19,9,0.40947062,19
2022-10-20,0.4865471,0.38214937,12,12,1.2731823,12
2022-10-21,0.1894481,0.6130033,39,19,0.30904856,39
2022-10-22,0.86191076,0.022832274,3,3,37.748013,3
2022-10-23,-0.0064069927,0.66459036,7,1,-0.009640499,7
2022-10-24,0.37041312,0.5153714,32,16,0.7187291,32
2022-10-25,0.26298067,0.5445401,39,23,0.48293996,39
2022-10-26,0.27399796,0.49741206,28,14,0.5508459,28
2022-10-27,0.07830436,0.53563577,41,13,0.14618929,41
2022-10-28,0.07049725,0.61507624,66,14,0.11461528,66
2022-10-29,0.7192946,0.2839703,6,6,2.5329833,6
2022-10-30,0.29401806,0.38146532,6,6,0.77075756,6
2022-10-31,0.27597508,0.4632363,50,34,0.59575313,50
2022-11-01,0.28492856,0.5118104,23,9,0.55670613,23
2022-11-02,0.28474748,0.50238824,27,21,0.5667866,27
2022-11-03,0.23214924,0.5002005,23,13,0.46411142,23
2022-11-04,0.17460603,0.5362993,24,2,0.3255751,24
2022-11-05,0.39171767,0.40412837,5,5,0.96928775,5
2022-11-06,0.075457886,0.57869464,10,2,0.13039304,10
2022-11-07,0.12991755,0.4496344,62,30,0.28893974,62
2022-11-08,0.35090962,0.48012736,25,13,0.73086625,25
2022-11-09,0.36932296,0.43263644,21,15,0.8536546,21
2022-11-10,0.04783136,0.50199956,39,11,0.09528149,39
2022-11-11,0.3091579,0.5599374,20,10,0.5521284,20
2022-11-12,0.27694738,0.7195477,2,0,0.38489038,2
2022-11-13,0.23942438,0.47711566,5,3,0.50181514,5
2022-11-14,0.29373688,0.45140815,26,18,0.65071094,26
2022-11-15,0.6855094,0.35361993,26,24,1.938543,26
2022-11-16,0.48511285,0.41428915,22,18,1.1709495,22
2022-11-17,0.1833054,0.52118784,14,6,0.3517063,14
2022-11-18,0.55797267,0.38703635,26,24,1.4416506,26
2022-11-19,0.5427732,0.48555645,9,7,1.1178352,9
2022-11-20,0.36503333,0.73272866,8,4,0.4981828,8
2022-11-21,0.3999243,0.47458908,19,11,0.8426731,19
2022-11-22,0.52550584,0.40088436,23,19,1.3108631,23
2022-11-23,0.17065829,0.47656992,31,21,0.3580963,31
2022-11-24,0.20971753,0.4453276,18,12,0.47092757,18
2022-11-25,0.3281568,0.50013053,33,21,0.656141,33
2022-11-26,0.24578859,0.63288856,11,7,0.38835937,11
2022-11-27,0.6010621,0.26679787,5,5,2.252866,5
2022-11-28,0.23933178,0.3841302,52,46,0.62304693,52
2022-11-29,0.3413833,0.42845473,64,46,0.7967761,64
2022-11-30,0.32571337,0.42809978,53,37,0.7608334,53
2022-12-01,0.45819715,0.3125274,38,36,1.4660976,38
2022-12-02,0.4776435,0.45391595,26,22,1.0522707,26
2022-12-03,0.41495526,0.48300704,9,7,0.8591063,9
2022-12-04,0.52710044,0.38423046,13,9,1.3718305,13
2022-12-05,0.31806996,0.5021985,35,19,0.63335377,35
2022-12-06,0.2783215,0.53413075,43,21,0.52107275,43
2022-12-07,0.2410446,0.47045633,43,25,0.5123623,43
2022-12-08,0.2584187,0.5696375,22,12,0.45365387,22
2022-12-09,0.34970975,0.4962787,25,13,0.70466256,25
2022-12-10,0.69487405,0.31352103,4,4,2.2163484,4
2022-12-11,0.37037677,0.513646,10,6,0.72107255,10
2022-12-12,-0.016685337,0.4726256,16,2,-0.03530342,16
2022-12-13,0.20733826,0.58743453,27,13,0.3529549,27
2022-12-14,0.3919064,0.5296368,16,12,0.7399517,16
2022-12-15,0.43165302,0.44540414,21,17,0.96912444,21
2022-12-16,0.38889685,0.4607495,22,14,0.8440508,22
2022-12-17,0.56425446,0.3888183,6,6,1.4511997,6
2022-12-18,0.68937165,0.21437226,5,5,3.2157538,5
2022-12-19,0.32455283,0.5837221,23,13,0.55600476,23
2022-12-20,0.4886691,0.3841076,20,16,1.272216,20
2022-12-21,0.4047778,0.5278339,24,12,0.7668644,24
2022-12-22,0.27167305,0.6153918,21,9,0.44146284,21
2022-12-23,0.46341163,0.47702894,13,11,0.9714519,13
2022-12-24,0.5574056,0.44399023,5,5,1.2554427,5
2022-12-25,0.26142275,0.6078257,8,4,0.4300942,8
2022-12-26,0.18263783,0.59597486,11,3,0.3064517,11
2022-12-27,0.27450868,0.43883163,27,17,0.625543,27
2022-12-28,0.298835,0.46827298,27,15,0.63816273,27
2022-12-29,0.2596025,0.5928464,29,13,0.43789092,29
2022-12-30,0.43844014,0.52133644,22,14,0.8409911,22
2022-12-31,0.55977833,0.6364168,6,4,0.8795768,6
2023-01-01,0.5060345,0.29280752,4,4,1.7282095,4
2023-01-02,0.3983029,0.60965776,9,3,0.653321,9
2023-01-03,0.23691483,0.45500356,40,32,0.5206867,40
2023-01-04,0.119372934,0.53075254,42,14,0.22491217,42
2023-01-05,0.19865875,0.57236296,25,9,0.34708464,25
2023-01-06,0.19636479,0.52822846,20,6,0.37174144,20
2023-01-07,0.56124395,0.32955638,8,6,1.7030234,8
2023-01-08,0.15055099,0.67021936,5,1,0.22462909,5
2023-01-09,0.19575231,0.5724292,33,15,0.34196714,33
2023-01-10,0.2636881,0.5200971,34,20,0.5069968,34
2023-01-11,0.44721714,0.47445956,35,29,0.94258016,35
2023-01-12,0.28770012,0.61858165,26,10,0.46509567,26
2023-01-13,0.4128816,0.3514519,24,24,1.174785,24
2023-01-14,0.51648736,0.52745354,11,7,0.97920734,11
2023-01-15,0.365599,0.47933346,6,4,0.76272213,6
2023-01-16,0.586391,0.57555234,9,7,1.01883,9
2023-01-17,0.41780862,0.46213287,39,29,0.9040857,39
2023-01-18,0.22325794,0.6130098,37,17,0.364199,37
2023-01-19,0.48766077,0.41280863,11,9,1.1813211,11
2023-01-20,0.5342122,0.33859897,17,15,1.5777088,17
2023-01-21,0.550826,0.33415133,10,10,1.6484278,10
2023-01-22,0.5039826,0.5546472,5,3,0.9086527,5
2023-01-23,0.2283632,0.66963357,28,8,0.3410266,28
2023-01-24,0.31513855,0.5882129,22,10,0.535755,22
2023-01-25,0.2464898,0.5629189,15,7,0.4378772,15
2023-01-26,0.30766883,0.39457288,16,14,0.7797496,16
2023-01-27,0.37668064,0.60869426,25,15,0.6188329,25
2023-01-28,0.6944514,0.087050356,2,2,7.977491,2
2023-01-29,0.35386714,0.5999747,12,8,0.58980244,12
2023-01-30,0.29029232,0.49885455,53,31,0.5819166,53
2023-01-31,0.2580759,0.5596884,33,19,0.46110556,33
2023-02-01,0.18541011,0.51788825,35,9,0.35801113,35
2023-02-02,0.23478743,0.47430176,59,31,0.49501595,59
2023-02-03,0.23945516,0.50699854,73,43,0.47229856,73
2023-02-04,0.7255753,0.2143357,5,5,3.385213,5
2023-02-05,-0.13197164,0.54703736,7,-3,-0.2412475,7
2023-02-06,0.48045498,0.41129315,20,14,1.1681541,20
2023-02-07,0.42031512,0.6307666,18,10,0.66635495,18
2023-02-08,0.49320078,0.35744616,24,20,1.3797865,24
2023-02-09,0.46289963,0.34892592,13,13,1.3266377,13
2023-02-10,0.3576045,0.6918901,21,11,0.5168508,21
2023-02-11,0.5680116,0.48038316,7,3,1.1824111,7
2023-02-12,0.54205525,0.4455863,8,6,1.2164961,8
2023-02-13,0.034070782,0.6985138,14,2,0.048776034,14
2023-02-14,0.29141635,0.63533443,23,11,0.45868108,23
2023-02-15,0.4759083,0.4190338,26,20,1.135725,26
2023-02-16,0.5842725,0.30765837,18,16,1.8990889,18
2023-02-17,0.48851585,0.4403074,16,10,1.1094856,16
2023-02-18,0.26370302,0.6549504,6,2,0.4026299,6
2023-02-19,0.58575165,0.35209858,9,9,1.6635965,9
2023-02-20,0.5370499,0.5219701,12,10,1.0288881,12
2023-02-21,0.49083716,0.33427605,13,13,1.4683542,13
2023-02-22,0.36678973,0.45640692,16,14,0.8036445,16
2023-02-23,0.41682225,0.5971949,18,10,0.6979657,18
2023-02-24,0.4655591,0.48853353,19,13,0.9529707,19
2023-02-25,0.83664083,0.07772088,7,7,10.764547,7
2023-02-26,0.7335793,0.05683534,5,5,12.906871,5
2023-02-27,0.2924217,0.6039104,21,11,0.4842129,21
2023-02-28,0.36494592,0.50071174,23,17,0.72885287,23
2023-03-01,0.3874332,0.6372576,21,13,0.60796857,21
2023-03-02,0.5275461,0.4439622,23,17,1.1882654,23
2023-03-03,0.29166844,0.558088,34,14,0.5226199,34
2023-03-04,0.27628797,0.6505704,10,2,0.4246851,10
2023-03-05,0.39526695,0.43775833,10,8,0.90293205,10
2023-03-06,0.047528055,0.6768333,43,5,0.07022111,43
2023-03-07,0.51241577,0.45646325,16,14,1.1225759,16
2023-03-08,0.150446,0.661299,17,5,0.22750038,17
2023-03-09,0.506713,0.43799496,22,18,1.1568896,22
2023-03-10,0.20709106,0.57399946,20,10,0.3607855,20
2023-03-11,0.4658285,0.3527587,5,5,1.3205264,5
2023-03-12,0.60504687,0.39807022,7,5,1.5199462,7
2023-03-13,0.53016126,0.4155252,22,14,1.2758793,22
2023-03-14,0.39419016,0.3530027,15,15,1.1166743,15
2023-03-15,0.35341418,0.38430554,22,14,0.91961527,22
2023-03-16,0.32095316,0.47676402,27,13,0.6731894,27
2023-03-17,0.26155594,0.6031085,16,4,0.43367898,16
2023-03-18,0.84084266,0.1101719,7,7,7.632028,7
2023-03-19,0.58463037,0.5711501,8,6,1.0236001,8
2023-03-20,0.16444352,0.52676,4,0,0.3121786,4
2023-03-21,0.45901877,0.44472215,15,11,1.0321449,15
2023-03-22,0.3120279,0.44688788,15,13,0.6982225,15
2023-03-23,0.25008363,0.5558204,37,11,0.4499352,37
2023-03-24,0.39566296,0.44720045,20,14,0.8847533,20
2023-03-25,0.2690998,0.6460125,8,4,0.41655445,8
2023-03-26,0.40933535,0.54131633,7,5,0.7561837,7
2023-03-27,0.4498529,0.571295,13,7,0.7874252,13
2023-03-28,0.47012192,0.48293054,21,15,0.9734753,21
2023-03-29,0.49460733,0.4555786,25,21,1.0856661,25
2023-03-30,0.45757115,0.4888843,25,17,0.93594784,25
2023-03-31,0.35470372,0.60298747,28,14,0.58824295,28
2023-04-01,0.7908388,0.15825385,5,5,4.997248,5
2023-04-02,0.72416717,0.1540162,6,6,4.701859,6
2023-04-03,0.5321472,0.4877102,22,18,1.0911113,22
2023-04-04,0.5656761,0.48386627,20,16,1.1690729,20
2023-04-05,0.09617546,0.631596,32,10,0.15227345,32
2023-04-06,0.38722703,0.4646102,25,19,0.83344316,25
2023-04-07,0.65871286,0.2892096,8,8,2.2776234,8
2023-04-08,0.51632947,0.44529122,7,7,1.1595294,7
2023-04-09,0.4400802,0.6096648,7,5,0.7218384,7
2023-04-10,0.21127036,0.4499349,32,18,0.46955657,32
2023-04-11,0.4413187,0.4220598,22,18,1.0456282,22
2023-04-12,0.3980982,0.48270825,22,20,0.8247163,22
2023-04-13,0.17303567,0.5992622,30,14,0.28874737,30
2023-04-14,0.40825525,0.6445925,15,7,0.633353,15
2023-04-15,0.301727,0.6666535,5,3,0.45259875,5
2023-04-16,0.35175544,0.6513007,13,9,0.5400806,13
2023-04-17,0.22364104,0.61032724,43,19,0.36642748,43
2023-04-18,0.3421834,0.53174263,37,23,0.643512,37
2023-04-19,0.66261613,0.25592753,28,26,2.589067,28
2023-04-20,0.1323314,0.7576988,19,5,0.17464885,19
2023-04-21,0.38778964,0.5428247,21,15,0.7143907,21
2023-04-22,0.38538793,0.654822,4,2,0.5885376,4
2023-04-23,0.76351315,0.17995423,7,7,4.242795,7
2023-04-24,0.4404419,0.40662038,17,11,1.0831745,17
2023-04-25,0.3716769,0.45770764,19,15,0.8120381,19
2023-04-26,0.50663716,0.5164763,15,13,0.9809476,15
2023-04-27,0.28295976,0.64285743,14,8,0.44015872,14
2023-04-28,0.41828844,0.58864415,14,6,0.71059525,14
2023-04-29,0.67354435,0.23331358,5,5,2.8868508,5
2023-04-30,0.6508706,0.2826422,12,10,2.3027995,12
2023-05-01,0.45370814,0.41386318,24,20,1.096273,24
2023-05-02,0.5103822,0.3503422,23,21,1.4568062,23
2023-05-03,0.36859873,0.53069687,30,20,0.69455475,30
2023-05-04,0.14560573,0.6180904,54,20,0.23557313,54
2023-05-05,0.10625868,0.63991815,68,10,0.16605017,68
2023-05-06,0.3298271,0.7438731,12,4,0.443391,12
2023-05-07,0.4119102,0.43081483,5,3,0.9561167,5
2023-05-08,0.5087692,0.3916219,19,15,1.2991304,19
2023-05-09,0.56937057,0.45667866,19,15,1.2467613,19
2023-05-10,0.27375507,0.6333677,19,7,0.4322207,19
2023-05-11,0.6021726,0.32008207,20,16,1.8813009,20
2023-05-12,0.2899409,0.47831374,16,8,0.6061717,16
2023-05-13,0.25218812,0.46439704,3,1,0.543043,3
2023-05-14,0.5402626,0.41335326,5,5,1.3070207,5
2023-05-15,0.49785683,0.370172,14,10,1.3449302,14
2023-05-16,0.5375859,0.37038013,14,12,1.4514397,14
2023-05-17,0.44481817,0.53711826,24,16,0.8281553,24
2023-05-18,0.52432996,0.49687833,23,17,1.055246,23
2023-05-19,0.4875103,0.44980583,25,19,1.0838214,25
2023-05-20,0.80864567,0.067179464,3,3,12.036918,3
2023-05-21,0.4725284,0.39266977,10,6,1.2033705,10
2023-05-22,0.32540798,0.5509242,26,16,0.5906573,26
2023-05-23,0.4345676,0.39039832,8,6,1.1131362,8
2023-05-24,0.4119858,0.54833066,4,2,0.7513442,4
2023-05-25,0.7162286,0.19905649,7,7,3.5980992,7
2023-05-26,0.41491818,0.5663315,4,0,0.73264056,4
2023-05-27,0.85262865,0.0,1,1,852628.6,1
2023-05-28,0.7839271,0.063435435,5,5,12.357679,5
2023-05-29,0.73243123,0.17594507,3,3,4.1628165,3
2023-05-30,0.3710458,0.3617175,10,8,1.025786,10
2023-05-31,0.34158632,0.47650254,23,17,0.71686,23
2023-06-01,0.4152278,0.614454,34,22,0.67576605,34
2023-06-02,0.5676506,0.46103224,46,36,1.2312574,46
2023-06-03,0.7392615,0.4105833,9,7,1.8005109,9
2023-06-04,0.5415109,0.3599422,11,7,1.5044342,11
2023-06-05,0.2945885,0.5287476,89,31,0.55714285,89
2023-06-06,0.45832786,0.5042286,79,55,0.9089666,79
2023-06-07,0.47540826,0.5774091,28,18,0.8233459,28
2023-06-08,0.50553465,0.4150595,32,24,1.2179781,32
2023-06-09,0.60497284,0.31201288,19,17,1.9389292,19
2023-06-10,0.8343817,0.06352565,5,5,13.134358,5
2023-06-11,0.4621598,0.37237567,5,5,1.2411084,5
2023-06-12,0.33288047,0.5762349,15,7,0.5776809,15
2023-06-13,0.39044675,0.49198976,40,28,0.79360586,40
2023-06-14,0.20866586,0.57839286,31,11,0.36076775,31
2023-06-15,0.50375885,0.5457569,15,9,0.92304456,15
2023-06-16,0.57436913,0.37491962,15,13,1.5319753,15
2023-06-17,0.118072204,0.63575256,6,0,0.18572009,6
2023-06-18,0.79516715,0.1426288,8,8,5.5750422,8
2023-06-19,0.8057611,0.0975871,6,6,8.256756,6
2023-06-20,0.140323,0.6068012,19,5,0.23124997,19
2023-06-21,0.41868514,0.52369183,20,12,0.7994861,20
2023-06-22,0.59377974,0.50666237,11,9,1.1719413,11
2023-06-23,0.47892633,0.53465074,20,14,0.89577246,20
2023-06-24,0.5397966,0.4246356,6,4,1.2711966,6
2023-06-25,0.66840816,0.18515751,9,9,3.609924,9
2023-06-26,0.31274715,0.5732607,20,10,0.5455573,20
2023-06-27,0.1964547,0.5503621,15,7,0.3569547,15
2023-06-28,0.22905609,0.5791761,25,11,0.39548537,25
2023-06-29,0.21714197,0.6654711,30,12,0.32629764,30
2023-06-30,0.0668142,0.6729798,61,3,0.09928099,61
2023-07-01,0.24199812,0.6092532,6,2,0.39720383,6
2023-07-02,0.3503664,0.72231114,9,5,0.48506233,9
2023-07-03,0.2921791,0.60818785,29,17,0.48040852,29
2023-07-04,0.5859922,0.39052677,10,8,1.5005136,10
2023-07-05,0.35579723,0.48986536,22,18,0.72631484,22
2023-07-06,0.2626052,0.6097434,12,6,0.43068075,12
2023-07-07,0.4427446,0.48534656,19,15,0.9122217,19
2023-07-08,0.7190972,0.35428125,6,6,2.0297296,6
2023-07-09,0.29729858,0.3176831,3,3,0.93583083,3
2023-07-10,0.13195233,0.5851366,19,9,0.2255065,19
2023-07-11,0.29126987,0.609031,28,12,0.4782505,28
2023-07-12,0.2358967,0.68019986,10,4,0.34680447,10
2023-07-13,0.44173053,0.4934737,16,10,0.89514315,16
2023-07-14,0.4701084,0.5486924,18,12,0.8567779,18
2023-07-15,0.6227543,0.216913,6,6,2.870973,6
2023-07-16,0.49585095,0.35919535,6,6,1.3804454,6
2023-07-17,0.11599798,0.7133337,23,7,0.16261366,23
2023-07-18,0.40574482,0.6327531,17,11,0.6412362,17
2023-07-19,0.41113523,0.51952475,22,14,0.7913664,22
2023-07-20,0.13305168,0.6516348,18,6,0.20418103,18
2023-07-21,0.6805303,0.3440562,17,15,1.9779569,17
2023-07-22,0.8711531,0.0009460703,2,2,919.83997,2
2023-07-23,0.5389479,0.4249833,6,6,1.2681595,6
2023-07-24,0.41254255,0.5030877,22,16,0.8200195,22
2023-07-25,0.38567406,0.47077096,21,15,0.81923753,21
2023-07-26,0.37695697,0.55732983,21,13,0.6763612,21
2023-07-27,0.6667098,0.4077879,17,15,1.6349385,17
2023-07-28,0.39781252,0.56806314,28,14,0.70029503,28
2023-07-29,0.6091964,0.39906353,5,5,1.5265611,5
2023-07-30,0.1410694,0.73302245,11,3,0.19244868,11
2023-07-31,0.2833596,0.6537476,36,10,0.43343812,36
2023-08-01,0.43765724,0.6071917,17,9,0.72078806,17
2023-08-02,0.41623533,0.5026696,18,14,0.82804793,18
2023-08-03,0.06289798,0.53743047,44,16,0.11703442,44
2023-08-04,0.20344926,0.5221701,44,12,0.38962182,44
2023-08-05,0.21861921,0.61752623,9,5,0.35402358,9
2023-08-06,0.51590675,0.2457894,7,7,2.0989704,7
2023-08-07,0.2318443,0.6480996,28,12,0.35772887,28
2023-08-08,0.53353256,0.33004045,14,12,1.6165622,14
2023-08-09,0.50202316,0.43589944,33,27,1.1516923,33
2023-08-10,0.5779082,0.39014342,14,12,1.4812673,14
2023-08-11,0.3494337,0.41050264,21,13,0.85123163,21
2023-08-12,0.4666309,0.47404173,6,4,0.9843646,6
2023-08-13,0.7927175,0.17024691,6,6,4.656254,6
2023-08-14,0.30386508,0.68559474,24,12,0.4432132,24
2023-08-15,0.35371193,0.57585925,20,12,0.61423224,20
2023-08-16,0.43346357,0.67217386,14,8,0.64486724,14
2023-08-17,0.58930814,0.34857264,19,19,1.6906273,19
2023-08-18,0.8053198,0.14962487,14,14,5.382223,14
2023-08-19,0.7342883,0.2398933,9,9,3.0608826,9
2023-08-20,0.70493615,0.18197745,5,5,3.8737342,5
2023-08-21,0.6741994,0.2743822,21,21,2.4571452,21
2023-08-22,0.5054661,0.42424706,20,12,1.19144,20
2023-08-23,0.59481573,0.35476375,18,16,1.6766483,18
2023-08-24,0.5025791,0.481549,25,21,1.0436696,25
2023-08-25,0.54736394,0.46426734,12,8,1.1789818,12
2023-08-26,0.41691434,0.64842176,9,5,0.64296687,9
2023-08-27,0.6393481,0.6086947,8,6,1.0503575,8
2023-08-28,0.45060915,0.37655672,21,19,1.1966535,21
2023-08-29,0.5641617,0.51580596,18,12,1.0937458,18
2023-08-30,0.46415764,0.45782676,26,18,1.0138259,26
2023-08-31,0.4717138,0.4901624,23,17,0.9623603,23
2023-09-01,0.54350096,0.5116824,22,16,1.0621821,22
2023-09-02,0.5862387,0.26596335,6,6,2.2042003,6
2023-09-03,0.8087325,0.05886958,2,2,13.737465,2
2023-09-04,0.50810385,0.4136205,7,7,1.228427,7
2023-09-05,0.4880152,0.5461571,23,17,0.89354193,23
2023-09-06,0.37559226,0.4029688,51,45,0.93206054,51
2023-09-07,0.24923503,0.39074546,67,47,0.6378433,67
2023-09-08,0.3041269,0.49855256,92,50,0.6100185,92
2023-09-09,0.4104828,0.4772669,9,3,0.86006784,9
2023-09-10,0.5911404,0.39300108,14,12,1.504166,14
2023-09-11,0.3016438,0.59096384,73,29,0.5104259,73
2023-09-12,0.3986293,0.48039505,85,63,0.82979304,85
2023-09-13,0.39873827,0.49795362,67,43,0.80075216,67
2023-09-14,0.4725352,0.41987646,47,33,1.1254121,47
2023-09-15,0.38436198,0.45222437,37,25,0.8499346,37
2023-09-16,0.52118015,0.5205588,8,6,1.0011917,8
2023-09-17,0.29257104,0.6392533,11,3,0.4576755,11
2023-09-18,0.16249616,0.5623716,40,14,0.2889475,40
2023-09-19,0.1759239,0.61597383,28,6,0.28560242,28
2023-09-20,0.45622173,0.52592325,36,24,0.86746657,36
2023-09-21,0.30975756,0.5383833,30,20,0.5753465,30
2023-09-22,0.43115443,0.5197807,43,31,0.8294914,43
2023-09-23,0.6590232,0.23055959,13,13,2.8583517,13
2023-09-24,0.6132471,0.41122812,19,13,1.491254,19
2023-09-25,0.3092544,0.5078003,23,17,0.60900676,23
2023-09-26,0.5277599,0.4568044,19,13,1.1553277,19
2023-09-27,0.39441407,0.5089324,17,9,0.7749817,17
2023-09-28,0.30328166,0.5185808,41,27,0.584829,41
2023-09-29,0.60067594,0.4027212,29,23,1.4915391,29
2023-09-30,0.51725703,0.3944668,14,10,1.3112782,14
2023-10-01,0.58737254,0.40804222,11,9,1.439486,11
2023-10-02,0.55404615,0.40821987,22,16,1.3572215,22
2023-10-03,0.39264575,0.50372446,24,20,0.7794836,24
2023-10-04,0.37486738,0.50545263,60,40,0.7416454,60
2023-10-05,0.49758884,0.5398518,26,20,0.9217121,26
2023-10-06,0.36518967,0.55175936,24,18,0.6618628,24
2023-10-07,0.5145456,0.36657542,6,6,1.4036517,6
2023-10-08,0.47232458,0.31477213,8,8,1.5005238,8
2023-10-09,0.2680385,0.62978166,23,13,0.42560476,23
2023-10-10,0.29798025,0.4548907,21,13,0.65505755,21
2023-10-11,0.3658975,0.5571245,23,13,0.65675956,23
2023-10-12,0.45911914,0.44572642,13,9,1.0300446,13
2023-10-13,0.48398864,0.49753383,23,15,0.9727734,23
2023-10-14,0.6349814,0.36565983,9,9,1.736531,9
2023-10-15,0.39887992,0.6413641,20,10,0.6219233,20
2023-10-16,0.17551892,0.6350939,27,7,0.2763664,27
2023-10-17,0.16622525,0.5254082,18,10,0.31637293,18
2023-10-18,0.6506474,0.28491825,15,15,2.2836204,15
2023-10-19,0.4560374,0.53554684,26,18,0.85153437,26
2023-10-20,0.44121054,0.55199945,23,15,0.79929376,23
2023-10-21,0.58842224,0.46886525,11,7,1.2549895,11
2023-10-22,0.50878614,0.41253284,10,8,1.2333198,10
2023-10-23,0.24172573,0.54450995,34,16,0.4439318,34
2023-10-24,0.3700974,0.53890955,33,17,0.68675107,33
2023-10-25,0.3835771,0.47570297,27,13,0.8063357,27
2023-10-26,0.41488862,0.39752814,28,26,1.0436684,28
2023-10-27,0.48283878,0.55048585,32,22,0.87711227,32
2023-10-28,0.39954498,0.56180793,9,7,0.7111759,9
2023-10-29,0.5223731,0.4683936,19,13,1.1152414,19
2023-10-30,0.36760575,0.51035273,49,33,0.72029597,49
2023-10-31,0.34803283,0.48042303,41,23,0.7244284,41
2023-11-01,0.42970917,0.5394014,37,19,0.79663926,37
2023-11-02,0.11091882,0.59831107,51,19,0.18538623,51
2023-11-03,0.2766285,0.5083891,65,47,0.5441264,65
2023-11-04,0.5525153,0.70247436,6,4,0.78652626,6
2023-11-05,0.32593703,0.59782636,9,7,0.5452026,9
2023-11-06,0.39725724,0.5803731,29,19,0.6844848,29
2023-11-07,0.59879035,0.39244175,24,22,1.525803,24
2023-11-08,0.5350348,0.43818176,30,22,1.2210311,30
2023-11-09,0.41303194,0.5092164,35,23,0.81111115,35
2023-11-10,0.44721332,0.564178,28,16,0.79267985,28
2023-11-11,0.42857587,0.6504037,6,4,0.6589372,6
2023-11-12,0.67207164,0.19568077,4,4,3.4345133,4
2023-11-13,0.51287425,0.51002914,26,18,1.0055764,26
2023-11-14,0.49366805,0.60033184,42,30,0.8223239,42
2023-11-15,0.4598528,0.492138,29,23,0.9343962,29
2023-11-16,0.43687135,0.52466744,26,16,0.83266175,26
2023-11-17,0.46981063,0.5301034,30,20,0.88626057,30
2023-11-18,0.6299192,0.3392189,20,18,1.856964,20
2023-11-19,0.7837356,0.15815784,8,8,4.95537,8
2023-11-20,0.7225191,0.1974436,19,19,3.6593509,19
2023-11-21,0.513359,0.49731565,31,25,1.0322578,31
2023-11-22,0.46748686,0.51181495,16,10,0.9133886,16
2023-11-23,0.16990793,0.7046649,12,2,0.24111842,12
2023-11-24,0.37125576,0.64263034,26,14,0.5777119,26
2023-11-25,0.7650321,0.27170634,5,5,2.8156474,5
2023-11-26,0.579979,0.49017015,14,12,1.1832173,14
2023-11-27,0.4742333,0.47593316,29,17,0.9964262,29
2023-11-28,0.6278975,0.34175706,25,23,1.8372573,25
2023-11-29,0.6243876,0.36889362,30,26,1.6925907,30
2023-11-30,0.5320968,0.32059535,13,11,1.6597095,13
2023-12-01,0.5005739,0.56309736,22,14,0.88896346,22
2023-12-02,0.53479105,0.36161134,8,8,1.478907,8
2023-12-03,0.64552575,0.38034967,24,18,1.6971858,24
2023-12-04,0.64859474,0.4466664,21,17,1.4520754,21
2023-12-05,0.37396738,0.661904,24,14,0.56498647,24
2023-12-06,0.48336574,0.5188412,41,27,0.93162376,41
2023-12-07,0.5765743,0.4156236,35,29,1.3872478,35
2023-12-08,0.53378093,0.453269,45,35,1.1776224,45
2023-12-09,0.1456467,0.67731804,6,2,0.21503413,6
2023-12-10,0.68658763,0.23815405,12,12,2.8829439,12
2023-12-11,0.4547648,0.4254849,30,22,1.0688128,30
2023-12-12,0.39726916,0.45034134,32,20,0.8821492,32
2023-12-13,0.46502313,0.5019289,32,20,0.9264702,32
2023-12-14,0.47731984,0.49743208,34,26,0.9595659,34
2023-12-15,0.58669263,0.38453037,23,19,1.5257341,23
2023-12-16,0.65125453,0.30990484,9,9,2.1014593,9
2023-12-17,0.81061614,0.06667214,7,7,12.158062,7
2023-12-18,0.3254928,0.45913044,29,25,0.7089316,29
2023-12-19,0.5633111,0.44838172,37,29,1.2563175,37
2023-12-20,0.5837397,0.43652797,18,16,1.3372301,18
2023-12-21,0.37509328,0.5143573,36,26,0.72924507,36
2023-12-22,0.5559433,0.5230804,19,15,1.0628237,19
2023-12-23,0.79222363,0.10338346,5,5,7.662889,5
2023-12-24,0.8227724,0.06754387,4,4,12.181123,4
2023-12-25,-0.3046786,0.76384133,5,-1,-0.39887628,5
2023-12-26,0.45480603,0.4563446,32,26,0.99662626,32
2023-12-27,0.31286326,0.5319381,42,26,0.58815616,42
2023-12-28,0.43305203,0.48371965,36,28,0.8952523,36
2023-12-29,0.41729045,0.6095622,24,14,0.6845729,24
2023-12-30,0.80685824,0.11825939,12,12,6.822726,12
2023-12-31,0.51227874,0.5683263,9,7,0.90137976,9
2024-01-01,0.52621293,0.6449875,8,4,0.8158485,8
2024-01-02,0.33728454,0.43098018,44,38,0.7825969,44
2024-01-03,0.4190699,0.5766165,39,23,0.7267727,39
2024-01-04,0.21502478,0.49863678,35,23,0.4312244,35
2024-01-05,0.3436334,0.45037535,33,23,0.76299167,33
2024-01-06,0.6429474,0.3847524,7,7,1.6710635,7
2024-01-07,0.6267239,0.26945397,6,6,2.3258946,6
2024-01-08,0.5172072,0.4909649,32,24,1.0534483,32
2024-01-09,0.27166185,0.6572291,16,6,0.41334358,16
2024-01-10,0.30497897,0.5462433,27,17,0.5583197,27
2024-01-11,0.30095565,0.55954105,29,17,0.53786063,29
2024-01-12,0.43649775,0.59825104,30,18,0.7296218,30
2024-01-13,0.6441819,0.4008145,3,3,1.6071781,3
2024-01-14,0.75442946,0.2434576,11,11,3.0987997,11
2024-01-15,0.39668483,0.5539119,28,16,0.71615016,28
2024-01-16,0.28368157,0.5450693,46,34,0.5204495,46
2024-01-17,0.19894932,0.64252305,47,23,0.30963716,47
2024-01-18,0.15282704,0.62895995,44,4,0.24298334,44
2024-01-19,0.45161337,0.48944917,28,16,0.9226953,28
2024-01-20,0.34483445,0.6676926,13,5,0.5164561,13
2024-01-21,0.5520634,0.6174072,11,7,0.8941627,11
2024-01-22,0.4337096,0.56215566,21,13,0.7715102,21
2024-01-23,0.51329976,0.42195064,18,16,1.2164896,18
2024-01-24,0.35432166,0.53969115,20,14,0.6565255,20
2024-01-25,0.39718136,0.49612054,39,21,0.8005727,39
2024-01-26,0.53815025,0.43411684,32,24,1.239641,32
2024-01-27,0.44540897,0.39506936,13,11,1.1274167,13
2024-01-28,0.24425223,0.58301306,15,7,0.4189474,15
2024-01-29,0.38821453,0.49416816,28,18,0.78559035,28
2024-01-30,0.38670993,0.59500957,28,20,0.6499211,28
2024-01-31,0.5511202,0.48013073,32,22,1.1478521,32
2024-02-01,0.1674254,0.571704,59,11,0.2928528,59
2024-02-02,0.23661868,0.6213431,62,26,0.38081747,62
2024-02-03,0.7725878,0.16251372,11,11,4.753956,11
2024-02-04,0.6298994,0.4742784,12,10,1.3281188,12
2024-02-05,0.36113572,0.64922976,35,19,0.5562517,35
2024-02-06,0.35257402,0.7078527,15,7,0.4980888,15
2024-02-07,0.37023073,0.5622102,29,19,0.65852606,29
2024-02-08,0.6005503,0.3261766,25,23,1.8411757,25
2024-02-09,0.42398542,0.6005819,18,10,0.7059565,18
2024-02-10,0.7325112,0.21368901,9,9,3.427915,9
2024-02-11,0.65365964,0.22931664,6,6,2.8504553,6
2024-02-12,0.50243866,0.41279206,15,13,1.2171683,15
2024-02-13,0.41630277,0.5980082,19,13,0.69614774,19
2024-02-14,0.44969124,0.4834914,18,12,0.93008953,18
2024-02-15,0.5071281,0.5203778,28,20,0.9745364,28
2024-02-16,0.6010233,0.50344056,21,15,1.1938293,21
2024-02-17,0.3227386,0.6466368,10,6,0.49910256,10
2024-02-18,0.50338775,0.4712879,10,8,1.0681086,10
2024-02-19,0.70477676,0.2440288,16,16,2.8880765,16
2024-02-20,0.5138412,0.55790204,19,15,0.9210224,19
2024-02-21,0.34853637,0.5965149,29,17,0.5842868,29
2024-02-22,0.53865093,0.49778876,15,11,1.0820851,15
2024-02-23,0.6552712,0.3850774,12,10,1.7016566,12
2024-02-24,0.38991717,0.29022768,3,3,1.3434825,3
2024-02-25,0.8062851,0.13374951,7,7,6.0282764,7
2024-02-26,0.5297855,0.53418785,25,19,0.9917569,25
2024-02-27,0.3596279,0.5185423,21,15,0.693535,21
2024-02-28,0.6245235,0.2667867,24,22,2.3409007,24
2024-02-29,0.29402685,0.5837381,18,8,0.50369567,18
2024-03-01,0.47521996,0.4046077,19,13,1.1745174,19
2024-03-02,0.40008137,0.6719111,15,7,0.59543705,15
2024-03-03,0.8376223,0.081703275,10,10,10.251879,10
2024-03-04,0.2932599,0.40577534,27,19,0.7227131,27
2024-03-05,0.29389545,0.41648147,28,22,0.705661,28
2024-03-06,0.46958244,0.45858216,15,11,1.0239853,15
2024-03-07,0.35746077,0.389426,19,11,0.9179147,19
2024-03-08,0.15016808,0.722677,17,5,0.20779389,17
2024-03-09,0.7096623,0.28146926,8,8,2.521269,8
2024-03-10,0.4644588,0.5231315,10,6,0.8878416,10
2024-03-11,0.42449462,0.5382896,18,12,0.78859746,18
2024-03-12,0.45725954,0.4384056,13,11,1.0430033,13
2024-03-13,0.3542885,0.6299526,12,8,0.5624041,12
2024-03-14,0.35391277,0.5733978,20,8,0.6172192,20
2024-03-15,0.34315687,0.48076347,17,11,0.71377337,17
2024-03-16,0.5647898,0.51013,12,10,1.1071465,12
2024-03-17,0.7650548,0.16488662,7,7,4.639856,7
2024-03-18,0.4894679,0.4032151,18,16,1.2139095,18
2024-03-19,0.6943512,0.41741446,18,16,1.6634535,18
2024-03-20,0.22253878,0.5559533,16,8,0.40028247,16
2024-03-21,0.1323045,0.63414556,21,7,0.20863394,21
2024-03-22,0.3639861,0.49516794,33,23,0.7350746,33
2024-03-23,0.5206279,0.66980004,6,4,0.77728736,6
2024-03-24,0.6610959,0.24726655,12,12,2.6736057,12
2024-03-25,0.66857463,0.28030673,24,22,2.3851452,24
2024-03-26,0.6083791,0.39340797,19,15,1.5464292,19
2024-03-27,0.51604384,0.3847126,14,14,1.3413714,14
2024-03-28,0.20339,0.6065585,24,6,0.33531746,24
2024-03-29,0.36696798,0.6688356,10,6,0.5486661,10
2024-03-30,0.7200003,0.34337845,6,6,2.0968065,6
2024-03-31,0.6275118,0.3605109,12,12,1.7406132,12
2024-04-01,0.5361747,0.45230484,12,10,1.1854252,12
2024-04-02,0.6939523,0.30204427,11,11,2.2975109,11
2024-04-03,0.5065245,0.37429628,14,12,1.3532679,14
2024-04-04,0.6249313,0.41010338,6,6,1.5238346,6
2024-04-05,0.2731865,0.5560428,18,12,0.49130392,18
2024-04-06,-0.21703123,0.898864,3,-1,-0.24145031,3
2024-04-07,0.71026975,0.10347099,6,6,6.8643675,6
2024-04-08,0.39966187,0.6411083,13,7,0.62339115,13
2024-04-09,0.6042183,0.28635314,7,7,2.1100385,7
2024-04-10,0.16574429,0.7403038,14,2,0.22388655,14
2024-04-11,0.40406585,0.52699846,16,10,0.7667291,16
2024-04-12,0.43431798,0.58833224,12,8,0.73821765,12
2024-04-13,0.18488112,0.4948903,10,4,0.37357923,10
2024-04-14,0.38345885,0.64127463,8,2,0.5979626,8
2024-04-15,0.25384277,0.46173504,22,14,0.5497573,22
2024-04-16,-0.11325257,0.7413935,14,-2,-0.15275615,14
2024-04-17,0.41555968,0.52412885,20,14,0.79285634,20
2024-04-18,0.39171997,0.64688516,25,13,0.60554695,25
2024-04-19,0.49478847,0.42645544,29,23,1.1602321,29
2024-04-20,0.7213989,0.1761037,6,6,4.096421,6
2024-04-21,0.6509579,0.37484723,3,3,1.7365904,3
2024-04-22,0.4142572,0.6111155,28,16,0.6778694,28
2024-04-23,0.18786673,0.5893154,21,5,0.31878754,21
2024-04-24,0.4923273,0.3964064,12,8,1.2419729,12
2024-04-25,0.21411598,0.39341545,19,13,0.5442476,19
2024-04-26,0.2831681,0.6137711,16,4,0.4613571,16
2024-04-27,0.7695678,0.24134523,12,12,3.1886466,12
2024-04-28,0.6383975,0.57312,16,12,1.1138965,16
2024-04-29,0.26923832,0.71004164,19,5,0.37918612,19
2024-04-30,0.24526414,0.6758818,23,11,0.3628797,23
2024-05-01,0.42259106,0.5102153,16,12,0.82825863,16
2024-05-02,0.04288687,0.5871891,27,5,0.07303746,27
2024-05-03,0.33167472,0.58895326,28,8,0.5631587,28
2024-05-04,0.4506362,0.31752464,10,10,1.419212,10
2024-05-05,0.43411025,0.6326293,14,10,0.68619895,14
2024-05-06,0.42090696,0.6135633,32,16,0.686003,32
2024-05-07,0.26981845,0.53402936,35,19,0.50524926,35
2024-05-08,0.327205,0.625326,22,12,0.5232542,22
2024-05-09,0.5208568,0.4235969,21,17,1.229602,21
2024-05-10,0.46244496,0.38562825,25,21,1.1991957,25
2024-05-11,0.6633744,0.34424648,10,8,1.9270276,10
2024-05-12,0.6525171,0.3070375,17,17,2.1251962,17
2024-05-13,0.29479393,0.5746078,19,7,0.51303416,19
2024-05-14,0.32173136,0.561231,26,14,0.57325906,26
2024-05-15,0.4341373,0.60568565,23,15,0.7167688,23
2024-05-16,0.5003352,0.55610585,19,11,0.89971054,19
2024-05-17,0.6483497,0.5138652,11,9,1.2617092,11
2024-05-18,0.6415966,0.2738009,4,4,2.3432875,4
2024-05-19,0.68176746,0.45894793,6,4,1.4854974,6
2024-05-20,0.22085582,0.57673883,15,7,0.38293836,15
2024-05-21,0.39750388,0.5008978,22,16,0.7935812,22
2024-05-22,0.5808028,0.33801013,12,10,1.7182949,12
2024-05-23,0.4443297,0.5378063,21,15,0.8261876,21
2024-05-24,0.49484316,0.6183964,15,9,0.8002025,15
2024-05-25,0.6883878,0.31311086,8,8,2.1985364,8
2024-05-26,0.33133516,0.6900135,6,4,0.48018575,6
2024-05-27,0.8041731,0.13223723,5,5,6.0812454,5
2024-05-28,0.19078411,0.6383577,20,8,0.29886663,20
2024-05-29,0.22197786,0.68555534,20,2,0.32379228,20
2024-05-30,0.38676444,0.53652966,21,17,0.72086173,21
2024-05-31,0.49651673,0.5498292,14,10,0.9030365,14
2024-06-01,0.8465248,0.060688112,6,6,13.9485445,6
2024-06-02,0.60793215,0.3623498,6,6,1.6777446,6
2024-06-03,0.33233643,0.65524024,9,5,0.507197,9
2024-06-04,0.5704287,0.37325734,13,11,1.528241,13
2024-06-05,0.28117305,0.72845125,18,6,0.38598692,18
2024-06-06,0.25327653,0.6309233,25,9,0.40143728,25
2024-06-07,0.4737601,0.5695367,22,14,0.8318327,22
2024-06-08,0.4096292,0.7930277,3,1,0.51653767,3
2024-06-09,0.4861491,0.6627274,7,3,0.73355705,7
2024-06-10,0.42793322,0.52583766,24,16,0.8138108,24
2024-06-11,0.26281852,0.5627476,35,13,0.4670265,35
2024-06-12,0.20855662,0.6590454,39,11,0.31645212,39
2024-06-13,0.5344799,0.4795716,38,30,1.1144922,38
2024-06-14,0.60180527,0.41617942,17,15,1.4460201,17
2024-06-15,0.7661399,0.19416527,12,12,3.945793,12
2024-06-16,0.5641194,0.57899773,7,5,0.9743016,7
2024-06-17,0.23308425,0.5925834,24,10,0.39333507,24
2024-06-18,0.36540353,0.62501335,37,21,0.5846322,37
2024-06-19,0.69561994,0.4912414,13,11,1.4160421,13
2024-06-20,0.39106008,0.6078569,24,12,0.64334124,24
2024-06-21,0.2568104,0.58081585,29,11,0.4421538,29
2024-06-22,0.5578186,0.46243027,6,4,1.2062734,6
2024-06-23,0.7050502,0.26200455,12,10,2.690974,12
2024-06-24,0.5515003,0.37801906,28,22,1.4589181,28
2024-06-25,0.36647806,0.6808423,19,9,0.5382708,19
2024-06-26,0.06350719,0.60726136,17,3,0.10457949,17
2024-06-27,0.6902708,0.4015085,25,23,1.719189,25
2024-06-28,0.09718734,0.74394286,19,1,0.130638,19
2024-06-29,0.5807334,0.44611576,7,5,1.3017521,7
2024-06-30,0.58522713,0.29696575,8,6,1.9706823,8
2024-07-01,0.11470316,0.68768555,13,5,0.1667957,13
2024-07-02,0.31592214,0.5084414,18,14,0.62135285,18
2024-07-03,0.4079102,0.58133966,24,14,0.70167154,24
2024-07-04,0.6530711,0.3256531,26,22,2.0054133,26
2024-07-05,0.3263811,0.56066567,20,12,0.5821304,20
2024-07-06,0.8543782,0.0504773,2,2,16.925653,2
2024-07-07,0.7530136,0.22477445,6,6,3.3500705,6
2024-07-08,0.4325023,0.50501156,15,9,0.85641885,15
2024-07-09,0.40641242,0.5484549,28,20,0.74101204,28
2024-07-10,0.3963872,0.5659415,25,17,0.70040184,25
2024-07-11,0.41933876,0.5948492,25,15,0.7049485,25
2024-07-12,0.29637098,0.65678054,19,9,0.45124742,19
2024-07-13,0.7774506,0.10254065,7,7,7.5818033,7
2024-07-14,0.8275386,0.08329595,5,5,9.934801,5
2024-07-15,0.22052808,0.7199585,20,6,0.30630624,20
2024-07-16,0.31710964,0.6679511,13,5,0.47474906,13
2024-07-17,0.35776988,0.55764866,22,10,0.64156747,22
2024-07-18,0.12576206,0.7183502,24,6,0.17507045,24
2024-07-19,0.6626574,0.2890384,17,15,2.2926195,17
2024-07-20,0.53866273,0.56750625,3,1,0.9491733,3
2024-07-21,0.5366071,0.42646232,12,10,1.2582725,12
2024-07-22,0.3914003,0.5998902,9,7,0.6524522,9
2024-07-23,0.46971372,0.49338642,22,16,0.952018,22
2024-07-24,0.42264995,0.5640792,32,18,0.74927276,32
2024-07-25,0.1885793,0.5897139,19,11,0.31978047,19
2024-07-26,0.25858837,0.51825213,19,11,0.4989615,19
2024-07-27,0.5084752,0.59403175,7,5,0.85597163,7
2024-07-28,0.30037546,0.67113465,18,6,0.44756296,18
2024-07-29,0.344763,0.52247757,27,19,0.65986055,27
2024-07-30,0.33985183,0.5700049,18,12,0.5962251,18
2024-07-31,0.2376318,0.68501717,15,9,0.34689853,15
2024-08-01,0.34752005,0.6196245,19,11,0.560855,19
2024-08-02,0.13559403,0.6604124,27,5,0.2053169,27
2024-08-03,0.5207923,0.6386,7,5,0.81552064,7
2024-08-04,0.4280542,0.56138843,9,5,0.7624907,9
2024-08-05,0.27214298,0.5145016,33,23,0.52894384,33
2024-08-06,0.4759516,0.48413253,32,26,0.9830999,32
2024-08-07,0.542975,0.49113008,15,13,1.1055602,15
2024-08-08,0.607627,0.4999195,22,18,1.2154472,22
2024-08-09,0.5128199,0.56085175,17,13,0.9143574,17
2024-08-10,0.6586421,0.31764784,18,14,2.073491,18
2024-08-11,0.6817613,0.35356608,11,9,1.9282374,11
2024-08-12,0.3465204,0.6520072,11,5,0.5314663,11
2024-08-13,0.2999982,0.4847402,23,11,0.6188832,23
2024-08-14,0.32708618,0.64514375,30,16,0.5069966,30
2024-08-15,0.46735674,0.57911944,14,10,0.8070113,14
2024-08-16,0.25798145,0.8138732,7,3,0.31697953,7
2024-08-17,0.74818933,0.1743179,5,5,4.2920723,5
2024-08-18,0.69902587,0.2253247,6,6,3.1022909,6
2024-08-19,0.3834444,0.61591274,17,9,0.6225619,17
2024-08-20,0.57069767,0.28574178,8,8,1.9972426,8
2024-08-21,0.6910471,0.2764015,18,18,2.5001476,18
2024-08-22,0.63016754,0.30380318,6,6,2.0742557,6
2024-08-23,0.60376084,0.4891188,15,13,1.2343823,15
2024-08-24,0.5210824,0.6527104,6,4,0.7983351,6
2024-08-25,0.6010573,0.3793949,6,6,1.5842482,6
2024-08-26,0.57666415,0.5231114,14,10,1.1023713,14
2024-08-27,0.26177183,0.70534676,17,5,0.37112448,17
2024-08-28,0.4739597,0.5962874,18,12,0.79484975,18
2024-08-29,0.27922824,0.65428036,14,6,0.4267709,14
2024-08-30,0.48346296,0.5724505,14,10,0.8445483,14
2024-08-31,0.6327146,0.48960978,10,8,1.2922808,10
2024-09-01,0.6687004,0.40803677,6,4,1.6388198,6
2024-09-02,0.5910475,0.47861335,10,8,1.234914,10
2024-09-03,0.12938276,0.69699687,7,3,0.18562862,7
2024-09-04,0.1390109,0.5300916,9,5,0.26223892,9
2024-09-05,0.2431999,0.6424146,15,7,0.37857094,15
2024-09-06,0.5254596,0.5156988,18,14,1.0189253,18
2024-09-07,0.4497675,0.31719646,8,8,1.4179416,8
2024-09-08,0.61749506,0.48288476,17,13,1.2787601,17
2024-09-09,0.35575432,0.5957934,28,16,0.59710914,28
2024-09-10,0.22201602,0.60405046,34,12,0.36754486,34
2024-09-11,0.38660085,0.5233232,16,12,0.7387406,16
2024-09-12,0.53219676,0.53152055,19,15,1.0012703,19
2024-09-13,0.6320651,0.34323442,8,8,1.8414915,8
2024-09-14,0.7439636,0.15088558,8,8,4.930615,8
2024-09-15,0.49700433,0.33707604,5,5,1.4744532,5
2024-09-16,0.36606187,0.49627855,20,14,0.7376122,20
2024-09-17,0.5058445,0.46145034,20,14,1.0962032,20
2024-09-18,0.29346403,0.6288191,19,7,0.46668994,19
2024-09-19,0.060950346,0.5666438,20,4,0.107563585,20
2024-09-20,0.20148014,0.5690466,21,13,0.3540655,21
2024-09-21,0.85084814,0.09065308,3,3,9.385658,3
2024-09-22,-0.031279165,0.87813574,3,-1,-0.035619926,3
2024-09-23,0.36083895,0.6474805,13,9,0.55729616,13
2024-09-24,0.19769838,0.6702093,9,5,0.29497963,9
2024-09-25,0.39769182,0.51247704,18,14,0.77601725,18
2024-09-26,0.23695005,0.51705444,12,4,0.45826817,12
2024-09-27,0.22224987,0.66766447,14,6,0.3328761,14
2024-09-28,0.3750151,0.48412538,13,9,0.7746223,13
2024-09-29,0.2799094,0.53380835,7,3,0.5243621,7
2024-09-30,0.29924372,0.45945108,13,5,0.6513056,13
2024-10-01,0.39913023,0.517078,24,18,0.7718941,24
2024-10-02,0.62067133,0.42435285,16,14,1.4626268,16
2024-10-03,0.48643506,0.51296574,12,8,0.94827795,12
2024-10-04,0.34874353,0.68839663,10,4,0.50660187,10
2024-10-05,0.7057276,0.35088974,6,6,2.011246,6
2024-10-06,0.38019365,0.2942004,7,5,1.2922904,7
2024-10-07,0.42503673,0.4565859,16,14,0.9308999,16
2024-10-08,0.17864805,0.72065914,11,5,0.247895,11
2024-10-09,0.4234978,0.62921834,15,9,0.6730527,15
2024-10-10,0.51475435,0.5269268,30,24,0.97689724,30
2024-10-11,0.4967397,0.52302897,13,11,0.9497346,13
2024-10-12,0.5882859,0.4985211,3,3,1.1800599,3
2024-10-13,0.3057645,0.772699,5,1,0.3957092,5
2024-10-14,0.09160458,0.753026,11,1,0.12164847,11
2024-10-15,-0.055739604,0.68464386,15,1,-0.081413895,15
2024-10-16,0.5869,0.36356986,29,25,1.6142657,29
2024-10-17,0.3133867,0.46274352,31,21,0.6772348,31
2024-10-18,0.2972086,0.5712231,26,16,0.5203012,26
2024-10-19,0.8666808,0.0377031,3,3,22.986382,3
2024-10-20,0.74747044,0.2779502,7,7,2.6892145,7
2024-10-21,0.12334206,0.6132798,14,0,0.2011184,14
2024-10-22,0.6141121,0.40299574,3,3,1.5238636,3
2024-10-23,0.20285411,0.3377402,4,4,0.6006199,4
2024-10-24,0.7817833,0.052936353,4,4,14.768085,4
2024-10-25,0.41517413,0.3040821,3,3,1.365331,3
2024-10-26,0.87956923,0.0,1,1,879569.25,1
2024-10-27,0.72145987,0.22662666,4,4,3.183459,4
2024-10-28,0.8234242,0.088237375,2,2,9.331816,2
2024-10-29,0.32835189,1.0135643,3,1,0.3239573,3
2024-10-30,0.41081536,0.5890268,2,0,0.69744647,2
2024-10-31,-0.49922967,0.79689103,5,-3,-0.62647086,5
2024-11-01,0.46890467,0.6013238,4,2,0.77978605,4
2024-11-02,0.55802786,0.37811336,5,5,1.4758177,5
2024-11-03,0.8628326,0.0,1,1,862832.6,1
2024-11-04,0.471311,0.37665007,3,3,1.2513199,3
2024-11-05,0.7861457,0.1564562,5,5,5.024669,5
2024-11-06,0.58782923,0.3883464,5,3,1.5136684,5
2024-11-07,0.8812928,0.018854393,2,2,46.739563,2
2024-11-08,0.68528026,0.28100932,2,2,2.43863,2
2024-11-09,0.3957707,0.8024335,3,1,0.49321246,3
2024-11-10,0.2293483,0.5821663,3,1,0.39395598,3
2024-11-11,0.3933754,0.8192838,3,1,0.4801449,3
2024-11-12,0.7548776,0.117052674,2,2,6.448987,2
2024-11-13,-0.011373758,1.2955366,2,0,-0.00877918,2
2024-11-14,0.73794967,0.24716218,2,2,2.985678,2
2024-11-15,0.22715521,0.46743113,2,0,0.48596403,2
2024-11-16,-0.88088936,0.0,1,-1,-880889.4,1
2024-11-17,0.8070743,0.0,1,1,807074.3,1
2024-11-19,0.050639726,0.0,1,1,50639.727,1
2024-11-20,0.83080405,0.0044302237,2,2,187.48863,2
2024-11-22,0.42422855,0.5795891,2,2,0.73194575,2
2024-11-23,0.85936815,0.044756815,3,3,19.200405,3
2024-11-24,0.8832148,0.0,1,1,883214.75,1
2024-11-25,0.8905104,0.0,1,1,890510.4,1
2024-11-26,0.86263037,0.01511351,4,4,57.072994,4
2024-11-27,-0.58064663,0.0,1,-1,-580646.6,1
